wall_s,phase,cmd_thrust,cmd_roll,cmd_pitch,cmd_yaw,gyro_x,gyro_y,gyro_z,acc_z
1784786914.0908,arm_neutral,0.27,0,0,0,0.0,0.0,-0.0,-9.34029769897461
1784786914.1110,arm_neutral,0.27,0,0,0,0.004679834470152855,-0.010579757392406464,0.00017149769701063633,-8.33846378326416
1784786914.1315,arm_neutral,0.27,0,0,0,-0.00084699597209692,-0.003115242812782526,0.005489829462021589,-9.351785659790039
1784786914.1518,arm_neutral,0.27,0,0,0,-0.0006949706003069878,-0.0012407684698700905,0.0005007336148992181,-9.375101089477539
1784786914.1720,arm_neutral,0.27,0,0,0,-0.0006607375107705593,-0.00023198832059279084,0.00018916458066087216,-9.328946113586426
1784786914.1923,arm_neutral,0.27,0,0,0,9.077374124899507e-05,-0.000699323951266706,0.00014923285925760865,-9.343353271484375
1784786914.2125,arm_neutral,0.27,0,0,0,9.944010525941849e-05,0.0032677496783435345,4.8444431740790606e-05,-9.392158508300781
1784786914.2327,arm_neutral,0.27,0,0,0,-0.0007437109015882015,0.00585009902715683,-0.00022473838180303574,-9.697576522827148
1784786914.2529,arm_neutral,0.27,0,0,0,-0.0005404276307672262,0.0028360397554934025,-0.00022028159582987428,-9.883158683776855
1784786914.2732,arm_neutral,0.27,0,0,0,-0.0002774987369775772,0.0012816499220207334,-8.574257662985474e-05,-9.990246772766113
1784786914.2939,arm_neutral,0.27,0,0,0,-0.0002327881520614028,0.0014746783999726176,5.1685856305994093e-05,-10.064955711364746
1784786914.3141,arm_neutral,0.27,0,0,0,-0.0002464322606101632,0.0015856812242418528,6.750778993591666e-05,-10.085454940795898
1784786914.3344,arm_neutral,0.27,0,0,0,-0.00024077831767499447,0.0014901307877153158,4.465001984499395e-05,-10.082182884216309
1784786914.3548,arm_neutral,0.27,0,0,0,-0.00020668236538767815,0.0012439406709745526,-3.1052331905812025e-06,-10.115532875061035
1784786914.3750,arm_neutral,0.27,0,0,0,-0.00019183941185474396,0.0011594378156587481,-1.5365687431767583e-05,-10.117944717407227
1784786914.3954,arm_neutral,0.27,0,0,0,-0.00017482915427535772,0.0010650724871084094,-1.6691337805241346e-05,-10.119264602661133
1784786914.4156,arm_neutral,0.27,0,0,0,-0.00016497325850650668,0.0010077811311930418,-1.078374043572694e-05,-10.119118690490723
1784786914.4358,arm_neutral,0.27,0,0,0,-0.00014690274838358164,0.0008936956292018294,1.575695932842791e-06,-10.117478370666504
1784786914.4561,arm_neutral,0.27,0,0,0,-0.00013390788808465004,0.0008143390878103673,4.881148925051093e-06,-10.115543365478516
1784786914.4764,arm_neutral,0.27,0,0,0,-0.00012607511598616838,0.0007654689252376556,4.242916475050151e-06,-10.1140775680542
1784786914.4971,arm_neutral,0.27,0,0,0,-0.00011126598110422492,0.0006779320538043976,7.681373972445726e-07,-10.110902786254883
1784786914.5176,arm_neutral,0.27,0,0,0,-0.00010474614100530744,0.0006379853002727032,-6.017653504386544e-07,-10.109272956848145
1784786914.5379,arm_neutral,0.27,0,0,0,-9.539676830172539e-05,0.0005821810336783528,-1.293657987844199e-06,-10.1067533493042
1784786914.5583,arm_neutral,0.27,0,0,0,-8.465218706987798e-05,0.0005152425728738308,-4.892790457233787e-07,-10.103424072265625
1784786914.5786,arm_neutral,0.27,0,0,0,-7.938410271890461e-05,0.00048481248086318374,-7.711059879511595e-08,-10.10174560546875
1784786914.5989,arm_neutral,0.27,0,0,0,-7.279962301254272e-05,0.0004425605002325028,9.965879144147038e-08,-10.099254608154297
1784786914.6196,arm_neutral,0.27,0,0,0,-6.637090700678527e-05,0.0004037365724798292,1.19754986371845e-07,-10.096805572509766
1784786914.6398,arm_neutral,0.27,0,0,0,-6.09934504609555e-05,0.00036818411899730563,5.6250428315252066e-08,-10.094381332397461
1784786914.6601,arm_neutral,0.27,0,0,0,-5.502154817804694e-05,0.00033601652830839157,-7.948983693495393e-08,-10.091973304748535
1784786914.6806,arm_neutral,0.27,0,0,0,-5.027136649005115e-05,0.00030703836819157004,-1.461448846384883e-07,-10.089614868164062
1784786914.7009,arm_neutral,0.27,0,0,0,-4.5933687943033874e-05,0.0002799746871460229,-3.499735612422228e-08,-10.087273597717285
1784786914.7212,arm_neutral,0.27,0,0,0,-4.339186125434935e-05,0.0002634278207551688,1.0330040822736919e-07,-10.08571720123291
1784786914.7414,arm_neutral,0.27,0,0,0,-3.962370101362467e-05,0.0002404274418950081,2.086599124595523e-07,-10.083440780639648
1784786914.7619,arm_neutral,0.27,0,0,0,-3.4868891816586256e-05,0.0002132333320332691,7.066410034894943e-08,-10.0804443359375
1784786914.7821,arm_neutral,0.27,0,0,0,-3.259687218815088e-05,0.00020053767366334796,-6.910704541951418e-08,-10.078957557678223
1784786914.8024,arm_neutral,0.27,0,0,0,-2.9798262403346598e-05,0.0001826596853788942,-5.7119905250146985e-08,-10.076767921447754
1784786914.8227,arm_neutral,0.27,0,0,0,-2.673549170140177e-05,0.000161796371685341,-4.4345142669044435e-08,-10.073875427246094
1784786914.8430,arm_neutral,0.27,0,0,0,-2.5272893253713846e-05,0.00015243369853124022,-3.905370249412954e-08,-10.072473526000977
1784786914.8633,arm_neutral,0.27,0,0,0,-2.2938453184906393e-05,0.0001388983364449814,-3.2303432817570865e-08,-10.070351600646973
1784786914.8835,arm_neutral,0.27,0,0,0,-2.1036918042227626e-05,0.00012675634934566915,-2.670822141226381e-08,-10.068255424499512
1784786914.9038,arm_neutral,0.27,0,0,0,-1.907033583847806e-05,0.00011590243957471102,1.8133505363948643e-08,-10.066210746765137
1784786914.9243,arm_neutral,0.27,0,0,0,-1.792966213542968e-05,0.00010902350186370313,1.597982191015035e-08,-10.064841270446777
1784786914.9446,arm_neutral,0.27,0,0,0,-1.5871737559791654e-05,9.666384721640497e-05,1.2400050763972104e-08,-10.06216049194336
1784786914.9650,arm_neutral,0.27,0,0,0,-1.4318778994493186e-05,8.81851592566818e-05,1.0253643267787993e-08,-10.060173034667969
1784786914.9854,arm_neutral,0.27,0,0,0,-1.3424752978608012e-05,8.307664393214509e-05,9.026734915096313e-09,-10.058876991271973
1784786915.0058,arm_neutral,0.27,0,0,0,-1.2123913620598614e-05,7.303655002033338e-05,6.992195267230272e-09,-10.056293487548828
1784786915.0260,arm_neutral,0.27,0,0,0,-1.1127547622891143e-05,6.670667789876461e-05,5.780748324468732e-09,-10.054348945617676
1784786915.0463,arm_neutral,0.27,0,0,0,-1.0573003237368539e-05,6.29541464149952e-05,5.097717803437263e-09,-10.05312442779541
1784786915.0667,arm_neutral,0.27,0,0,0,-9.039413271239027e-06,5.5877411796245724e-05,3.961758920922875e-09,-10.050619125366211
1784786915.0874,arm_neutral,0.27,0,0,0,-8.531977073289454e-06,5.2368057367857546e-05,3.4915501601062715e-09,-10.049376487731934
1784786915.1076,baseline,0.27,0,0,0,-7.886468665674329e-06,4.784461634699255e-05,2.8867361834272742e-09,-10.047553062438965
1784786915.1279,baseline,0.27,0,0,0,-7.047430699458346e-06,4.36225782323163e-05,2.384695108048618e-09,-10.044821739196777
1784786915.1481,baseline,0.27,0,0,0,-6.648719136137515e-06,3.954156272811815e-05,1.971329766092822e-09,-10.0439453125
1784786915.1684,baseline,0.27,0,0,0,-5.918604074395262e-06,3.626839315984398e-05,1.6307240002788603e-09,-10.042149543762207
1784786915.1887,baseline,0.27,0,0,0,-5.309935659170151e-06,3.2304731576005e-05,1.2655618775170296e-09,-10.039788246154785
1784786915.2089,baseline,0.27,0,0,0,-5.105885065859184e-06,3.021195334440563e-05,1.1154952517244965e-09,-10.0386381149292
1784786915.2291,baseline,0.27,0,0,0,-4.381381586426869e-06,2.763510201475583e-05,9.208633855450898e-10,-10.036916732788086
1784786915.2494,baseline,0.27,0,0,0,-4.2328101699240506e-06,2.5904346330207773e-05,8.11269273981452e-10,-10.035762786865234
1784786915.2696,baseline,0.27,0,0,0,-3.857583578792401e-06,2.3045875423122197e-05,6.298250809777528e-10,-10.033799171447754
1784786915.2899,baseline,0.27,0,0,0,-3.4807962947525084e-06,2.1106330677866936e-05,5.204583430895582e-10,-10.031831741333008
1784786915.3101,baseline,0.27,0,0,0,-3.0943901947466657e-06,2.0003848476335406e-05,4.5929482439532876e-10,-10.030726432800293
1784786915.3305,baseline,0.27,0,0,0,-2.5825793272815645e-06,1.755624180077575e-05,3.5652192309498787e-10,-10.028494834899902
1784786915.3508,baseline,0.27,0,0,0,-2.5593044483684935e-06,1.6578585928073153e-05,3.1400304578710347e-10,-10.027403831481934
1784786915.3712,baseline,0.27,0,0,0,-2.4270566427730955e-06,1.5005082786956336e-05,2.5988811103161424e-10,-10.026945114135742
1784786915.3915,baseline,0.27,0,0,0,-2.2962067305343226e-06,1.3523836969397962e-05,2.014530764427036e-10,-10.02511978149414
1784786915.4122,baseline,0.27,0,0,0,-2.122470505128149e-06,1.2596323358593509e-05,1.7757884052116424e-10,-10.022522926330566
1784786915.4326,baseline,0.27,0,0,0,-2.0164752640994266e-06,1.1642217941698618e-05,1.468833943363279e-10,-10.020918846130371
1784786915.4528,baseline,0.27,0,0,0,-1.7203128663823009e-06,1.0879793990170583e-05,1.2937562132719904e-10,-10.019835472106934
1784786915.4731,baseline,0.27,0,0,0,-1.6609392332611606e-06,9.505901289230678e-06,1.0027179087046534e-10,-10.017736434936523
1784786915.4934,baseline,0.27,0,0,0,-1.5639989214832895e-06,8.603117748862132e-06,8.29913915367797e-11,-10.016155242919922
1784786915.5136,baseline,0.27,0,0,0,-1.3760918591287918e-06,8.014678314793855e-06,6.889422365929931e-11,-10.014593124389648
1784786915.5338,baseline,0.27,0,0,0,-1.0730300346040167e-06,7.292474037967622e-06,5.6843418860808015e-11,-10.013049125671387
1784786915.5543,baseline,0.27,0,0,0,-9.435225365450606e-07,6.789366125303786e-06,5.0249582272954285e-11,-10.012004852294922
1784786915.5748,baseline,0.27,0,0,0,-8.617557796242181e-07,6.012604444549652e-06,3.89945853385143e-11,-10.009939193725586
1784786915.5950,baseline,0.27,0,0,0,-1.0884787116083317e-06,5.476089881994994e-06,3.1946001399774104e-11,-10.008367538452148
1784786915.6152,baseline,0.27,0,0,0,-1.0619592103466857e-06,5.14430621478823e-06,2.8194335754960775e-11,-10.008548736572266
1784786915.6355,baseline,0.27,0,0,0,-7.48814272810705e-07,4.488659669732442e-06,2.1998403099132702e-11,-10.005094528198242
1784786915.6558,baseline,0.27,0,0,0,-5.503288775798865e-07,4.067399459017906e-06,1.949729266925715e-11,-10.004274368286133
1784786915.6771,baseline,0.27,0,0,0,-6.769405445083976e-07,4.014665591967059e-06,1.602984411874786e-11,-9.929427146911621
1784786915.6973,baseline,0.27,0,0,0,-5.397550921770744e-07,3.697742613439914e-06,1.2448708730516955e-11,-10.000614166259766
1784786915.7175,baseline,0.27,0,0,0,-5.63474031878286e-07,3.5159423532604706e-06,1.0913936421275139e-11,-9.999627113342285
1784786915.7377,baseline,0.27,0,0,0,-6.821853730798466e-07,3.1261786261893576e-06,9.379164112033322e-12,-9.998588562011719
1784786915.7580,baseline,0.27,0,0,0,-4.735911716124974e-07,2.2648205231234897e-06,7.275957614183426e-12,-9.996543884277344
1784786915.7784,baseline,0.27,0,0,0,-4.2097963159903884e-07,2.5239851311198436e-06,6.195932655828074e-12,-9.995039939880371
1784786915.7986,baseline,0.27,0,0,0,-4.7617777454433963e-07,2.5817719233600656e-06,5.314859663485549e-12,-9.99400806427002
1784786915.8188,baseline,0.27,0,0,0,-2.5715746687637875e-07,1.8331842284169397e-06,4.320099833421409e-12,-9.991971969604492
1784786915.8392,baseline,0.27,0,0,0,-1.890041403385112e-07,1.579648710503534e-06,3.666400516522117e-12,-9.990957260131836
1784786915.8594,baseline,0.27,0,0,0,-2.44167154050956e-07,1.5169786138358177e-06,3.0127011996228248e-12,-9.989410400390625
1784786915.8798,baseline,0.27,0,0,0,-3.595473572204355e-07,1.5224841263261624e-06,2.3305801732931286e-12,-9.987387657165527
1784786915.9000,baseline,0.27,0,0,0,-2.6425880150782177e-07,1.4287276144386851e-06,2.0747847884194925e-12,-9.98636531829834
1784786915.9206,roll_pos,0.27,1.5,0,0,-1.4268448467191774e-07,1.3091083701510797e-06,1.6342482922482304e-12,-9.985127449035645
1784786915.9408,roll_pos,0.27,1.5,0,0,-0.7665480375289917,1.5497207641601562e-06,-2.384185791015625e-07,-13.553332328796387
1784786915.9611,roll_pos,0.27,1.5,0,0,-3.92093563079834,2.6226043701171875e-06,-1.2516975402832031e-06,-14.976066589355469
1784786915.9814,roll_pos,0.27,1.5,0,0,-4.527231693267822,1.9073486328125e-06,-1.9073486328125e-06,-11.834592819213867
1784786916.0019,roll_pos,0.27,1.5,0,0,-4.081489562988281,1.9073486328125e-06,-1.7881393432617188e-06,-9.191861152648926
1784786916.0222,roll_pos,0.27,1.5,0,0,-3.9033570289611816,1.1920928955078125e-06,-1.5497207641601562e-06,-8.7268705368042
1784786916.0424,roll_pos,0.27,1.5,0,0,-3.945974826812744,0.0,-1.0728836059570312e-06,-8.842422485351562
1784786916.0627,roll_pos,0.27,1.5,0,0,-4.061083793640137,4.76837158203125e-07,-9.5367431640625e-07,-9.262381553649902
1784786916.0831,roll_pos,0.27,1.5,0,0,-4.086516857147217,1.9073486328125e-06,-1.430511474609375e-06,-9.578516006469727
1784786916.1033,roll_pos,0.27,1.5,0,0,-4.092650413513184,0.0,-4.76837158203125e-07,-9.768598556518555
1784786916.1238,roll_pos,0.27,1.5,0,0,-4.111608028411865,1.430511474609375e-06,-2.1457672119140625e-06,-10.067150115966797
1784786916.1442,roll_pos,0.27,1.5,0,0,-4.124026775360107,2.6226043701171875e-06,-9.5367431640625e-07,-10.172083854675293
1784786916.1649,roll_pos,0.27,1.5,0,0,-4.1466288566589355,3.0994415283203125e-06,-7.152557373046875e-07,-10.309131622314453
1784786916.1851,roll_pos,0.27,1.5,0,0,-4.160523414611816,2.1457672119140625e-06,-7.152557373046875e-07,-10.364875793457031
1784786916.2054,roll_pos,0.27,1.5,0,0,-4.168886184692383,1.6689300537109375e-06,-9.5367431640625e-07,-10.385978698730469
1784786916.2257,roll_pos,0.27,1.5,0,0,-4.180543899536133,2.86102294921875e-06,-9.5367431640625e-07,-10.398748397827148
1784786916.2460,roll_pos,0.27,1.5,0,0,-4.191188335418701,2.86102294921875e-06,-9.5367431640625e-07,-10.393987655639648
1784786916.2664,roll_pos,0.27,1.5,0,0,-4.200782299041748,1.430511474609375e-06,-1.9073486328125e-06,-10.347249984741211
1784786916.2867,roll_pos,0.27,1.5,0,0,-4.212060451507568,0.0,2.384185791015625e-07,-10.332945823669434
1784786916.3069,roll_pos,0.27,1.5,0,0,-4.217111110687256,9.5367431640625e-07,-0.0,-10.305747032165527
1784786916.3276,roll_pos,0.27,1.5,0,0,-4.221814155578613,1.6689300537109375e-06,-7.152557373046875e-07,-10.274507522583008
1784786916.3479,roll_pos,0.27,1.5,0,0,-4.230267524719238,1.1920928955078125e-06,-7.152557373046875e-07,-10.201872825622559
1784786916.3681,roll_pos,0.27,1.5,0,0,-4.235857009887695,1.6689300537109375e-06,-2.384185791015625e-07,-10.139482498168945
1784786916.3883,roll_pos,0.27,1.5,0,0,-4.239265441894531,1.1920928955078125e-06,-4.76837158203125e-07,-10.094428062438965
1784786916.4087,roll_pos,0.27,1.5,0,0,-6.826578140258789,7.935833930969238,-13.01232624053955,-13.366458892822266
1784786916.4290,roll_pos,0.27,1.5,0,0,-5.39518928527832,4.299371242523193,-11.08090591430664,-18.658029556274414
1784786916.4495,roll_pos,0.27,1.5,0,0,-4.328155517578125,-0.43564748764038086,-7.942770957946777,-23.196632385253906
1784786916.4698,roll_pos,0.27,1.5,0,0,-3.579770565032959,-1.3039069175720215,-3.4864726066589355,-28.266578674316406
1784786916.4900,roll_pos,0.27,1.5,0,0,-3.588542938232422,-0.9062955379486084,-1.4426512718200684,-29.578899383544922
1784786916.5103,roll_pos,0.27,1.5,0,0,-4.278958797454834,-0.3875880241394043,1.1356158256530762,-11.113594055175781
1784786916.5305,neutral,0.27,0,0,0,-4.396183967590332,-0.08896631002426147,1.3599796295166016,-4.025296211242676
1784786916.5509,neutral,0.27,0,0,0,-8.623575210571289,2.479424476623535,-3.8839054107666016,20.027912139892578
1784786916.5712,neutral,0.27,0,0,0,-6.584970951080322,4.428587436676025,-5.949429035186768,-4.344128608703613
1784786916.5915,neutral,0.27,0,0,0,2.0928964614868164,6.284628868103027,-3.7179555892944336,-23.59491539001465
1784786916.6117,neutral,0.27,0,0,0,-1.1011817455291748,7.251992225646973,-2.5612993240356445,13.408147811889648
1784786916.6321,neutral,0.27,0,0,0,0.5274534225463867,10.778226852416992,-2.2966878414154053,-1.6131482124328613
1784786916.6524,neutral,0.27,0,0,0,0.36322081089019775,-1.3680976629257202,0.5294720530509949,-13.191497802734375
1784786916.6728,neutral,0.27,0,0,0,-0.00037735700607299805,1.1717376708984375,0.43681272864341736,0.6277397274971008
1784786916.6931,neutral,0.27,0,0,0,0.000529170036315918,1.6133899688720703,0.1315205693244934,9.344979286193848
1784786916.7136,neutral,0.27,0,0,0,0.011003249324858189,-0.01803981512784958,0.04300189018249512,10.057859420776367
1784786916.7338,neutral,0.27,0,0,0,0.005406612064689398,-0.01540723443031311,0.03404327109456062,9.836307525634766
1784786916.7540,neutral,0.27,0,0,0,0.004434491507709026,-0.015143151395022869,0.032204803079366684,9.8056058883667
1784786916.7743,neutral,0.27,0,0,0,0.005013986490666866,-0.016933105885982513,0.035661276429891586,9.797443389892578
1784786916.7945,neutral,0.27,0,0,0,0.005464910063892603,-0.017897887155413628,0.03801056370139122,9.798660278320312
1784786916.8148,neutral,0.27,0,0,0,0.00630147336050868,-0.01907399296760559,0.04138217866420746,9.79771614074707
1784786916.8352,neutral,0.27,0,0,0,0.00681694783270359,-0.01961320824921131,0.043155498802661896,9.79995059967041
1784786916.8556,neutral,0.27,0,0,0,0.00805986113846302,-0.02000451646745205,0.046729300171136856,9.802504539489746
1784786916.8760,neutral,0.27,0,0,0,0.009178117848932743,0.010514230467379093,0.001638211659155786,10.158439636230469
1784786916.8965,neutral,0.27,0,0,0,0.00010862515773624182,0.00029242850723676383,3.1186627893475816e-05,9.81522274017334
1784786916.9167,neutral,0.27,0,0,0,0.0003117478918284178,-0.0003018623392563313,-0.00014499403187073767,9.810440063476562
1784786916.9369,neutral,0.27,0,0,0,-7.489609288313659e-06,2.0957177184754983e-05,1.6111405784613453e-05,9.809677124023438
1784786916.9572,neutral,0.27,0,0,0,-6.109867626946652e-06,-1.7875560160973691e-06,1.0304857823939528e-05,9.809874534606934
1784786916.9774,neutral,0.27,0,0,0,4.027171144116437e-06,6.927878530404996e-06,4.4774392335966695e-06,9.809952735900879
1784786916.9976,neutral,0.27,0,0,0,-3.0803689696767833e-06,1.1019355952157639e-05,4.177851224085316e-06,9.810147285461426
1784786917.0181,neutral,0.27,0,0,0,2.640694219735451e-06,-1.5582370451738825e-06,4.834997753278003e-07,9.810088157653809
1784786917.0383,neutral,0.27,0,0,0,-4.715172508440446e-06,9.014121133077424e-06,1.7832200001066667e-06,9.810100555419922
1784786917.0586,neutral,0.27,0,0,0,3.8074967960710637e-06,-3.394690793356858e-06,-5.876374302715703e-07,9.809869766235352
1784786917.0788,neutral,0.27,0,0,0,9.96060134639265e-06,-2.0180827959848102e-06,-7.177763450272323e-07,9.80974006652832
1784786917.0992,neutral,0.27,0,0,0,-4.744160378322704e-06,2.6423924737173365e-06,3.536443671237066e-07,9.810060501098633
1784786917.1194,neutral,0.27,0,0,0,1.355984750261996e-06,4.38894858234562e-06,3.401244157430483e-07,9.810200691223145
1784786917.1398,neutral,0.27,0,0,0,1.0376631962571992e-06,4.5078359107719734e-06,4.5752776145491225e-07,9.80993366241455
1784786917.1601,neutral,0.27,0,0,0,1.193873231386533e-06,4.481581527215894e-06,4.007778784398397e-07,9.80999755859375
1784786917.1805,neutral,0.27,0,0,0,1.4381491837411886e-06,4.142022589803673e-06,2.217101240375996e-07,9.810131072998047
1784786917.2007,neutral,0.27,0,0,0,-4.4197868191986345e-06,2.229670599263045e-06,1.203061401611194e-07,9.810063362121582
1784786917.2210,neutral,0.27,0,0,0,-4.3846803237101994e-06,2.286313929289463e-06,9.385386334770374e-08,9.81006145477295
1784786917.2411,neutral,0.27,0,0,0,7.946793630253524e-06,1.4087039744481444e-05,-1.1903458698725444e-06,9.810164451599121
1784786917.2613,neutral,0.27,0,0,0,1.2154105206718668e-06,4.389832611195743e-06,3.516533979563974e-07,9.809998512268066
1784786917.2815,neutral,0.27,0,0,0,1.2739706107822713e-06,4.408419044921175e-06,3.5378891993786965e-07,9.80999755859375
1784786917.3017,neutral,0.27,0,0,0,1.0347666830057278e-05,-2.759744802460773e-06,-1.0968808510369854e-06,9.809736251831055
1784786917.3220,neutral,0.27,0,0,0,-4.404150786285754e-06,2.2042993350623874e-06,9.663191491426915e-08,9.810068130493164
1784786917.3423,roll_neg,0.27,-1.5,0,0,1.4829900010226993e-06,4.239672307448927e-06,1.8401834722681087e-07,9.810200691223145
1784786917.3626,roll_neg,0.27,-1.5,0,0,-2.2620173695031554e-05,4.809261008631438e-05,2.81422289845068e-05,9.80928897857666
1784786917.3833,roll_neg,0.27,-1.5,0,0,-6.0237500292714685e-05,0.00013273236982058734,8.371840522158891e-05,9.810028076171875
1784786917.4036,roll_neg,0.27,-1.5,0,0,0.00020290435350034386,-0.00018063679453916848,-4.346145942690782e-05,9.808744430541992
1784786917.4239,roll_neg,0.27,-1.5,0,0,0.00015378788521047682,-2.368698187638074e-05,2.86805097857723e-05,9.809971809387207
1784786917.4441,roll_neg,0.27,-1.5,0,0,0.00022910271945875138,-0.0001640708651393652,-2.8223283152328804e-05,9.809383392333984
1784786917.4643,roll_neg,0.27,-1.5,0,0,0.00012559854076243937,-5.212204996496439e-06,5.26565381733235e-05,9.80974292755127
1784786917.4848,roll_neg,0.27,-1.5,0,0,0.00011793753947131336,6.309830496320501e-06,5.898208110011183e-05,9.810128211975098
1784786917.5051,roll_neg,0.27,-1.5,0,0,0.0001186528243124485,-1.2573469575727358e-05,5.925406003370881e-05,9.809821128845215
1784786917.5253,roll_neg,0.27,-1.5,0,0,0.00012384256115183234,4.90797174279578e-06,6.083725020289421e-05,9.809990882873535
1784786917.5455,roll_neg,0.27,-1.5,0,0,0.00040106757660396397,-0.00032358645694330335,-9.146129741566256e-05,9.809462547302246
1784786917.5657,roll_neg,0.27,-1.5,0,0,0.00016214727656915784,1.955332118086517e-05,4.3841781007358804e-05,9.810787200927734
1784786917.5860,roll_neg,0.27,-1.5,0,0,-6.923280307091773e-05,0.00017913966439664364,0.0001485347020206973,9.81003475189209
1784786917.6062,roll_neg,0.27,-1.5,0,0,0.00016177201177924871,2.016223152168095e-05,4.432605783222243e-05,9.810954093933105
1784786917.6266,roll_neg,0.27,-1.5,0,0,0.00012126319779781625,8.639704901725054e-06,6.299008964560926e-05,9.81017017364502
1784786917.6468,roll_neg,0.27,-1.5,0,0,0.0001254644594155252,-1.4536599337588996e-05,6.0401056543923914e-05,9.809764862060547
1784786917.6670,roll_neg,0.27,-1.5,0,0,0.00011399421782698482,-5.9223020798526704e-06,6.332547491183504e-05,9.809839248657227
1784786917.6876,roll_neg,0.27,-1.5,0,0,0.00011452523904154077,-5.875092028873041e-06,6.317646329989657e-05,9.810041427612305
1784786917.7080,roll_neg,0.27,-1.5,0,0,0.00011704090138664469,1.6399742889916524e-05,6.901017331983894e-05,9.80980396270752
1784786917.7290,roll_neg,0.27,-1.5,0,0,0.0004545311676338315,-0.0003217237535864115,-0.0001143498593592085,9.810871124267578
1784786917.7493,roll_neg,0.27,-1.5,0,0,0.00012302644609007984,-1.2398355465847999e-05,6.190237763803452e-05,9.809640884399414
1784786917.7698,roll_neg,0.27,-1.5,0,0,0.00013237472740001976,-7.557973731309175e-07,6.0017267969669774e-05,9.809924125671387
1784786917.7903,roll_neg,0.27,-1.5,0,0,0.00013021758059039712,1.8356004147790372e-06,6.182776269270107e-05,9.80981159210205
1784786917.8111,roll_neg,0.27,-1.5,0,0,0.00012060708831995726,8.795468602329493e-06,6.325831054709852e-05,9.810001373291016
1784786917.8315,roll_neg,0.27,-1.5,0,0,0.00011927832383662462,1.049709680955857e-05,6.395494710886851e-05,9.810361862182617
1784786917.8518,roll_neg,0.27,-1.5,0,0,0.00013282729196362197,4.713334783446044e-05,5.99723935010843e-05,9.81014633178711
1784786917.8720,roll_neg,0.27,-1.5,0,0,0.00012301387323532254,5.396814594860189e-05,6.155941082397476e-05,9.810375213623047
1784786917.8923,roll_neg,0.27,-1.5,0,0,0.00012301387323532254,5.396814594860189e-05,6.153333379188552e-05,9.81037425994873
1784786917.9126,roll_neg,0.27,-1.5,0,0,2.762263102340512e-05,6.0152902733534575e-05,7.413290586555377e-05,9.809880256652832
1784786917.9328,roll_neg,0.27,-1.5,0,0,0.0001166039437521249,3.937545625376515e-05,6.163401121739298e-05,9.809995651245117
1784786917.9530,neutral,0.27,0,0,0,0.0001206350716529414,3.737884617294185e-05,6.170848791953176e-05,9.809929847717285
1784786917.9732,neutral,0.27,0,0,0,0.00012596423039212823,3.2821517379488796e-05,6.04418819420971e-05,9.809636116027832
1784786917.9934,neutral,0.27,0,0,0,0.00019076801254414022,-8.505406003678218e-05,-2.5116944016190246e-05,9.811007499694824
1784786918.0137,neutral,0.27,0,0,0,-7.899633055785671e-05,0.0001989579468499869,9.925841732183471e-05,9.811378479003906
1784786918.0340,neutral,0.27,0,0,0,3.086156357312575e-05,2.8681728508672677e-05,1.229710687766783e-05,9.81137466430664
1784786918.0543,neutral,0.27,0,0,0,-8.279566827695817e-07,1.678341141087003e-05,1.6622692783130333e-05,9.810074806213379
1784786918.0745,neutral,0.27,0,0,0,-9.302792022936046e-05,0.00017151141946669668,8.076426456682384e-05,9.810160636901855
1784786918.0947,neutral,0.27,0,0,0,1.562029865453951e-06,1.0274641681462526e-05,6.5785011429397855e-06,9.809898376464844
1784786918.1149,neutral,0.27,0,0,0,1.8024161363427993e-07,2.0364900592539925e-06,2.6493189579923637e-06,9.810076713562012
1784786918.1351,neutral,0.27,0,0,0,8.145056199282408e-06,6.437880983867217e-07,9.135849836638954e-07,9.809804916381836
1784786918.1553,neutral,0.27,0,0,0,-3.207326244591968e-07,6.768815637769876e-06,1.7466311419411795e-06,9.809935569763184
1784786918.1756,neutral,0.27,0,0,0,2.871524884540122e-07,5.725647952203872e-06,1.1530441952345427e-06,9.809932708740234
1784786918.1959,neutral,0.27,0,0,0,-4.789290869666729e-06,2.9996715511515504e-06,4.989241801922617e-07,9.810266494750977
1784786918.2161,neutral,0.27,0,0,0,1.0276455668645212e-06,4.921738309349166e-06,6.165801096358337e-07,9.8099365234375
1784786918.2364,neutral,0.27,0,0,0,-4.462853212316986e-06,2.4131843474606285e-06,2.1308466102709644e-07,9.809898376464844
1784786918.2566,neutral,0.27,0,0,0,4.675132004194893e-06,-4.575345883495174e-06,-1.2382179193082266e-06,9.809869766235352
1784786918.2768,neutral,0.27,0,0,0,1.0396335710538551e-05,-2.5547451514285058e-06,-1.046107740876323e-06,9.809739112854004
1784786918.2971,neutral,0.27,0,0,0,1.1997897217952413e-06,4.415199327922892e-06,3.678190125810943e-07,9.809996604919434
1784786918.3174,neutral,0.27,0,0,0,1.0411969924462028e-05,-2.5801168703765143e-06,-1.0781110404423089e-06,9.809802055358887
1784786918.3381,neutral,0.27,0,0,0,1.2564325970743084e-06,4.380092832434457e-06,3.7002519093221053e-07,9.8100004196167
1784786918.3584,neutral,0.27,0,0,0,1.254515836990322e-06,4.326400357967941e-06,3.561911228189274e-07,9.809996604919434
1784786918.3786,neutral,0.27,0,0,0,1.2680850431934232e-06,4.474793058761861e-06,3.4764838119372143e-07,9.809996604919434
1784786918.3988,neutral,0.27,0,0,0,1.2427137789927656e-06,4.459157025848981e-06,3.5561075151235855e-07,9.80993366241455
1784786918.4191,neutral,0.27,0,0,0,-4.462704055185895e-06,2.185727907999535e-06,9.497659192447827e-08,9.810060501098633
1784786918.4393,neutral,0.27,0,0,0,1.309092340306961e-06,4.465057827474084e-06,3.5262556252746435e-07,9.809999465942383
1784786918.4595,neutral,0.27,0,0,0,1.2270777460798854e-06,4.484527835302288e-06,3.4699803563853493e-07,9.809999465942383
1784786918.4798,neutral,0.27,0,0,0,1.4967238257668214e-06,4.160604021308245e-06,1.8954635550016974e-07,9.810198783874512
1784786918.5000,neutral,0.27,0,0,0,1.3500991826731479e-06,4.455322596186306e-06,3.461056508058391e-07,9.80993366241455
1784786918.5205,neutral,0.27,0,0,0,1.3560004390456015e-06,4.388944034872111e-06,3.463367477252177e-07,9.809930801391602
1784786918.5408,neutral,0.27,0,0,0,-4.154117505095201e-06,2.0258326003386173e-06,-6.565839072436574e-08,9.81026554107666
1784786918.5610,neutral,0.27,0,0,0,1.3110091003909474e-06,4.5187503019405995e-06,3.540011448421865e-07,9.8100004196167
1784786918.5813,neutral,0.27,0,0,0,1.4967238257668214e-06,4.160604021308245e-06,1.8674641921734292e-07,9.810199737548828
1784786918.6015,neutral,0.27,0,0,0,1.2915390925627435e-06,4.436736162460875e-06,3.515399100706418e-07,9.80993366241455
1784786918.6217,neutral,0.27,0,0,0,1.2837210761063034e-06,4.4494217945612036e-06,3.40414288757529e-07,9.809929847717285
1784786918.6419,neutral,0.27,0,0,0,1.4635345451097237e-06,4.157653165748343e-06,1.9481676361010614e-07,9.810136795043945
1784786918.6622,neutral,0.27,0,0,0,-4.3572354115894996e-06,2.12820123124402e-06,1.0753461765489192e-07,9.810063362121582
1784786918.6825,neutral,0.27,0,0,0,1.5474658994207857e-06,4.191875632386655e-06,1.9088426483904186e-07,9.810200691223145
1784786918.7027,neutral,0.27,0,0,0,1.2642506135307485e-06,4.367407200334128e-06,3.5207011706006597e-07,9.809930801391602
1784786918.7231,neutral,0.27,0,0,0,1.2934563073940808e-06,4.490429091674741e-06,3.5002875620193663e-07,9.80993366241455
1784786918.7434,neutral,0.27,0,0,0,4.659644673665753e-06,-4.777431513502961e-06,-1.354247501694772e-06,9.809868812561035
1784786918.7637,pitch_pos,0.27,0,1.5,0,1.2329785477049882e-06,4.418149728735443e-06,3.4756388345158484e-07,9.8100004196167
1784786918.7839,pitch_pos,0.27,0,1.5,0,-5.109461199026555e-06,-3.2835214369697496e-05,-4.674862793763168e-05,9.809791564941406
1784786918.8042,pitch_pos,0.27,0,1.5,0,-0.00019427007646299899,0.00022138570784591138,7.541938884969568e-06,9.80996036529541
1784786918.8245,pitch_pos,0.27,0,1.5,0,-0.00024391125771217048,0.00032102002296596766,-2.2509993868879974e-05,9.809563636779785
1784786918.8447,pitch_pos,0.27,0,1.5,0,-0.0004481352516449988,0.0005508346948772669,4.2448289605090395e-05,9.810684204101562
1784786918.8650,pitch_pos,0.27,0,1.5,0,-0.0004474724701140076,0.0006361010018736124,3.572056084522046e-05,9.809453964233398
1784786918.8853,pitch_pos,0.27,0,1.5,0,-0.0004409679095260799,0.0006255466141737998,2.9581302442238666e-05,9.810187339782715
1784786918.9060,pitch_pos,0.27,0,1.5,0,0.9636861681938171,-1.6901328563690186,-0.20221665501594543,-37.41851043701172
1784786918.9264,pitch_pos,0.27,0,1.5,0,-0.14771366119384766,-5.174088954925537,-0.06844872236251831,-21.45526123046875
1784786918.9466,pitch_pos,0.27,0,1.5,0,-0.20519304275512695,-4.782110214233398,0.03509587049484253,-4.799302101135254
1784786918.9668,pitch_pos,0.27,0,1.5,0,-0.019841432571411133,-3.9806244373321533,0.05831870436668396,-2.8333983421325684
1784786918.9870,pitch_pos,0.27,0,1.5,0,0.15517759323120117,-3.237367868423462,0.003370821475982666,-10.09605884552002
1784786919.0072,pitch_pos,0.27,0,1.5,0,0.002164125442504883,-3.473231554031372,0.008747518062591553,-11.6452054977417
1784786919.0274,pitch_pos,0.27,0,1.5,0,-0.008368968963623047,-4.029717922210693,0.0011788606643676758,-10.88949203491211
1784786919.0477,pitch_pos,0.27,0,1.5,0,-0.026072025299072266,-4.510969161987305,0.01775062084197998,-9.00305461883545
1784786919.0683,pitch_pos,0.27,0,1.5,0,-0.1467423439025879,-4.517616271972656,0.045674920082092285,-8.380962371826172
1784786919.0889,pitch_pos,0.27,0,1.5,0,-0.23408889770507812,-4.331244468688965,0.01741814613342285,-8.647568702697754
1784786919.1091,pitch_pos,0.27,0,1.5,0,-0.15309619903564453,-4.262878894805908,-0.00372314453125,-9.098487854003906
1784786919.1294,pitch_pos,0.27,0,1.5,0,-0.08711957931518555,-4.256246089935303,-0.01772451400756836,-9.622705459594727
1784786919.1496,pitch_pos,0.27,0,1.5,0,-0.0904388427734375,-4.287349700927734,-0.010479092597961426,-10.019617080688477
1784786919.1699,pitch_pos,0.27,0,1.5,0,-0.0920267105102539,-4.291168212890625,-0.0035964250564575195,-10.130833625793457
1784786919.1901,pitch_pos,0.27,0,1.5,0,-0.08336544036865234,-4.288784027099609,0.003432154655456543,-10.233619689941406
1784786919.2107,pitch_pos,0.27,0,1.5,0,-0.07548856735229492,-4.287208080291748,0.004854083061218262,-10.270792007446289
1784786919.2311,pitch_pos,0.27,0,1.5,0,-0.0646657943725586,-4.287408828735352,0.002509593963623047,-10.286478042602539
1784786919.2514,pitch_pos,0.27,0,1.5,0,0.23146343231201172,-8.722613334655762,0.9935355186462402,1.4254226684570312
1784786919.2716,pitch_pos,0.27,0,1.5,0,-0.31662654876708984,-11.134201049804688,0.19206571578979492,19.512672424316406
1784786919.2920,pitch_pos,0.27,0,1.5,0,-0.11866116523742676,-2.7032392024993896,-0.08509254455566406,-15.444111824035645
1784786919.3141,pitch_pos,0.27,0,1.5,0,0.0071375370025634766,-3.039206027984619,-0.14039313793182373,-16.042600631713867
1784786919.3344,pitch_pos,0.27,0,1.5,0,-0.061727046966552734,-4.49345588684082,-0.08930099010467529,-8.802892684936523
1784786919.3547,pitch_pos,0.27,0,1.5,0,-0.07757043838500977,-4.532393455505371,-0.03361690044403076,-6.773428916931152
1784786919.3752,neutral,0.27,0,0,0,-0.0528717041015625,-4.333029270172119,0.02558302879333496,-6.083933353424072
1784786919.3955,neutral,0.27,0,0,0,-0.026510000228881836,-3.4202499389648438,0.03609311580657959,-12.665470123291016
1784786919.4157,neutral,0.27,0,0,0,-0.03542304039001465,-1.221863031387329,0.02568817138671875,-12.790789604187012
1784786919.4360,neutral,0.27,0,0,0,-0.03599002957344055,0.23596718907356262,0.004649832844734192,-9.093019485473633
1784786919.4562,neutral,0.27,0,0,0,-0.02562689781188965,-0.15807509422302246,-0.009748117998242378,-6.878209114074707
1784786919.4767,neutral,0.27,0,0,0,-0.02480754256248474,-0.3343808352947235,-0.009429201483726501,-6.709486961364746
1784786919.4969,neutral,0.27,0,0,0,-0.02410799264907837,-0.3403794765472412,-0.004341840744018555,-6.850513458251953
1784786919.5171,neutral,0.27,0,0,0,-0.02140803635120392,-0.23131249845027924,0.0017406269907951355,-7.231812477111816
1784786919.5374,neutral,0.27,0,0,0,-0.019970759749412537,-0.206305131316185,0.0026943273842334747,-7.3943071365356445
1784786919.5577,neutral,0.27,0,0,0,-0.01868806779384613,-0.19654497504234314,0.002438928931951523,-7.518917083740234
1784786919.5779,neutral,0.27,0,0,0,-0.01655171811580658,-0.1839129626750946,0.0004891008138656616,-7.650429725646973
1784786919.5981,neutral,0.27,0,0,0,-0.06964874267578125,-19.18912696838379,0.12623095512390137,-16.176851272583008
1784786919.6183,neutral,0.27,0,0,0,-0.11809825897216797,-10.113859176635742,0.09308767318725586,-22.570127487182617
1784786919.6387,neutral,0.27,0,0,0,-0.07140398025512695,2.3358891010284424,0.04155100882053375,-19.684295654296875
1784786919.6589,neutral,0.27,0,0,0,0.8893859386444092,0.8970426917076111,0.18195310235023499,-8.214472770690918
1784786919.6793,neutral,0.27,0,0,0,1.0702342987060547,9.256448745727539,0.05061136186122894,241.83889770507812
1784786919.6996,neutral,0.27,0,0,0,-0.03168082237243652,-2.4317479133605957,0.0006605535745620728,-6.492604732513428
1784786919.7198,neutral,0.27,0,0,0,0.032789409160614014,-0.6855810880661011,0.023415474221110344,61.23953628540039
1784786919.7401,neutral,0.27,0,0,0,-0.008946014568209648,-0.028133045881986618,0.011553713120520115,10.766824722290039
1784786919.7603,neutral,0.27,0,0,0,-0.003231092356145382,-0.012051654048264027,0.007395849097520113,10.017937660217285
1784786919.7806,neutral,0.27,0,0,0,-0.00018615694716572762,-0.006356725003570318,0.0052635204046964645,9.837230682373047
1784786919.8008,neutral,0.27,0,0,0,0.00044886721298098564,-0.00585989048704505,0.005379264708608389,9.805852890014648
1784786919.8211,neutral,0.27,0,0,0,0.0006232257001101971,-0.006046779919415712,0.005696934647858143,9.801227569580078
1784786919.8413,neutral,0.27,0,0,0,0.0006515136919915676,-0.006803962867707014,0.006371818948537111,9.800224304199219
1784786919.8616,neutral,0.27,0,0,0,0.0010097194463014603,-0.0071811368688941,0.006411218550056219,9.799215316772461
1784786919.8818,neutral,0.27,0,0,0,-0.009365599602460861,0.0015938719734549522,0.00024355050118174404,10.216998100280762
1784786919.9022,neutral,0.27,0,0,0,-1.762336069077719e-06,-1.0925799870165065e-05,-3.7071384184628187e-08,9.810284614562988
1784786919.9224,neutral,0.27,0,0,0,-6.16603892922285e-06,-6.771783773729112e-07,1.498145138612017e-06,9.810227394104004
1784786919.9427,neutral,0.27,0,0,0,-3.4569493436720222e-06,-3.886584636347834e-07,6.969766559450363e-07,9.810201644897461
1784786919.9629,neutral,0.27,0,0,0,-1.7475992990512168e-06,-4.3233671931375284e-07,2.9336587203943054e-07,9.80999755859375
1784786919.9831,neutral,0.27,0,0,0,-1.3677436072612181e-06,-4.4204324467500555e-07,1.9825478148050024e-07,9.809999465942383
1784786920.0035,neutral,0.27,0,0,0,-8.240288025262998e-07,-4.5593654363074165e-07,6.427931253938368e-08,9.80999755859375
1784786920.0238,neutral,0.27,0,0,0,-4.076113668816106e-07,-3.473290348665614e-07,9.335080264349926e-09,9.809999465942383
1784786920.0441,neutral,0.27,0,0,0,-3.524291969370097e-07,-2.2949089384383115e-07,-2.5074781362377507e-08,9.80999755859375
1784786920.0644,neutral,0.27,0,0,0,-2.88441015072749e-07,-3.5037416523664433e-07,-4.4190414882905316e-08,9.809996604919434
1784786920.0846,neutral,0.27,0,0,0,-6.499658411485143e-08,-3.560837171789899e-07,-6.370758853790903e-08,9.809996604919434
1784786920.1049,neutral,0.27,0,0,0,-8.429583431279752e-08,-2.3634243007109035e-07,-8.016930053145188e-08,9.809993743896484
1784786920.1256,neutral,0.27,0,0,0,-6.195136847964022e-08,-2.3691339379183773e-07,-8.315879540532478e-08,9.809996604919434
1784786920.1459,neutral,0.27,0,0,0,-1.0968543051603774e-07,-3.54941846580914e-07,-9.267942857604794e-08,9.809999465942383
1784786920.1661,neutral,0.27,0,0,0,-3.2158808949134254e-08,-2.3767464085722168e-07,-7.629721210378193e-08,9.809996604919434
1784786920.1863,pitch_neg,0.27,0,-1.5,0,-6.567547927716078e-08,-2.3681823790866474e-07,-8.943533913452484e-08,9.809993743896484
1784786920.2067,pitch_neg,0.27,0,-1.5,0,-1.2899995454063173e-05,-1.2787668310920708e-05,2.4484481855324702e-06,9.809733390808105
1784786920.2269,pitch_neg,0.27,0,-1.5,0,0.00015235939645208418,-6.516682333312929e-06,-5.928438258706592e-05,9.80993938446045
1784786920.2472,pitch_neg,0.27,0,-1.5,0,-3.3158761652885005e-05,-2.538730223022867e-05,6.671992196061183e-06,9.810211181640625
1784786920.2674,pitch_neg,0.27,0,-1.5,0,-8.914000318327453e-06,-5.257634256849997e-06,8.799595889286138e-06,9.809983253479004
1784786920.2878,pitch_neg,0.27,0,-1.5,0,-1.3579914593719877e-05,-5.853897164342925e-06,9.944656085281167e-06,9.809956550598145
1784786920.3080,pitch_neg,0.27,0,-1.5,0,-1.4590149476134684e-05,-6.3050738390302286e-06,1.0228241080767475e-05,9.81019401550293
1784786920.3282,pitch_neg,0.27,0,-1.5,0,-4.438289761310443e-05,4.950044967699796e-06,9.079898518393748e-06,9.810420036315918
1784786920.3485,pitch_neg,0.27,0,-1.5,0,-1.7817474144976586e-06,1.864824844233226e-05,7.85475640441291e-06,9.809557914733887
1784786920.3687,pitch_neg,0.27,0,-1.5,0,-4.560912566375919e-05,4.50438164989464e-06,9.154404324362986e-06,9.810194969177246
1784786920.3889,pitch_neg,0.27,0,-1.5,0,-3.830505011137575e-05,-5.6991011661011726e-06,7.071047548379283e-06,9.81023120880127
1784786920.4092,pitch_neg,0.27,0,-1.5,0,9.393197251483798e-05,-9.064386540558189e-05,-2.445780592097435e-05,9.809800148010254
1784786920.4294,pitch_neg,0.27,0,-1.5,0,-3.8841317291371524e-05,-5.685396899934858e-06,6.944386313989526e-06,9.809805870056152
1784786920.4497,pitch_neg,0.27,0,-1.5,0,-3.892324457410723e-05,-5.68330506212078e-06,6.988625045778463e-06,9.81000804901123
1784786920.4699,pitch_neg,0.27,0,-1.5,0,9.343295823782682e-05,-9.063113247975707e-05,-2.4308790671057068e-05,9.810019493103027
1784786920.4901,pitch_neg,0.27,0,-1.5,0,-3.880135773215443e-05,-6.163412763271481e-06,6.992351700318977e-06,9.809802055358887
1784786920.5104,pitch_neg,0.27,0,-1.5,0,-4.646566594601609e-05,4.526271368376911e-06,9.453357961319853e-06,9.81019401550293
1784786920.5309,pitch_neg,0.27,0,-1.5,0,9.41303587751463e-05,-9.017194679472595e-05,-2.4522525563952513e-05,9.809996604919434
1784786920.5513,pitch_neg,0.27,0,-1.5,0,-3.905731500708498e-05,-5.6798780860845e-06,6.9304164753702935e-06,9.8100004196167
1784786920.5715,pitch_neg,0.27,0,-1.5,0,-2.817039785441011e-06,1.8674702005228028e-05,8.055921171035152e-06,9.809762954711914
1784786920.5917,pitch_neg,0.27,0,-1.5,0,8.621079905424267e-05,-8.042971603572369e-05,-2.2103429728304036e-05,9.81019115447998
1784786920.6120,pitch_neg,0.27,0,-1.5,0,-3.8841317291371524e-05,-5.685396899934858e-06,7.153003480198095e-06,9.810230255126953
1784786920.6322,pitch_neg,0.27,0,-1.5,0,0.00012620647612493485,-6.952688272576779e-05,-2.411972855043132e-05,9.809774398803711
1784786920.6525,pitch_neg,0.27,0,-1.5,0,9.279241203330457e-05,-9.061474702320993e-05,-2.434884117974434e-05,9.809794425964355
1784786920.6728,pitch_neg,0.27,0,-1.5,0,-4.581294706440531e-05,4.986588464817032e-06,9.613079782866407e-06,9.810432434082031
1784786920.6930,pitch_neg,0.27,0,-1.5,0,8.552758663427085e-05,-7.945828838273883e-05,-2.2039634131942876e-05,9.810186386108398
1784786920.7133,pitch_neg,0.27,0,-1.5,0,9.3596798251383e-05,-9.063529432751238e-05,-2.4511349693057127e-05,9.809799194335938
1784786920.7337,pitch_neg,0.27,0,-1.5,0,-4.5798049541190267e-05,4.986210115021095e-06,9.529260751151014e-06,9.810425758361816
1784786920.7543,pitch_neg,0.27,0,-1.5,0,0.00012581174087245017,-6.951681280042976e-05,-2.4136961656040512e-05,9.809563636779785
1784786920.7745,pitch_neg,0.27,0,-1.5,0,-6.419847522920463e-06,1.4473828741756734e-05,7.33181923351367e-06,9.809576034545898
1784786920.7948,neutral,0.27,0,0,0,-3.884876423398964e-05,-5.685207725036889e-06,7.175819973781472e-06,9.810025215148926
1784786920.8150,neutral,0.27,0,0,0,8.443862498097587e-06,1.981793320737779e-05,5.477560989675112e-06,9.809633255004883
1784786920.8353,neutral,0.27,0,0,0,0.002272970974445343,0.09105732291936874,0.001176024554297328,11.175901412963867
1784786920.8556,neutral,0.27,0,0,0,-0.001436084508895874,0.3442244231700897,-0.000532256904989481,11.061967849731445
1784786920.8760,neutral,0.27,0,0,0,-0.001265108585357666,0.36080968379974365,-0.0015274281613528728,9.604280471801758
1784786920.8963,neutral,0.27,0,0,0,-0.0015140548348426819,-0.08056293427944183,-0.000484332034830004,6.854835510253906
1784786920.9165,neutral,0.27,0,0,0,-0.00024831295013427734,-0.6870068311691284,0.0017626257613301277,5.555529594421387
1784786920.9369,neutral,0.27,0,0,0,0.0062155574560165405,-0.11714541167020798,-0.0005891790497116745,18.893383026123047
1784786920.9571,neutral,0.27,0,0,0,0.00010680370178306475,-0.00011863820691360161,-3.1452233088202775e-05,9.836869239807129
1784786920.9773,neutral,0.27,0,0,0,-7.306408861040836e-06,-1.2930613593198359e-05,3.47815262102813e-06,9.810705184936523
1784786920.9976,neutral,0.27,0,0,0,2.7951482479693368e-05,3.4594995668157935e-06,1.9977906049462035e-06,9.809106826782227
1784786921.0178,neutral,0.27,0,0,0,-6.023292371537536e-07,-1.715634971333202e-05,8.082840281531389e-07,9.81023120880127
1784786921.0381,neutral,0.27,0,0,0,3.0702540243510157e-07,-1.729883297230117e-05,4.602748049364891e-07,9.810003280639648
1784786921.0583,neutral,0.27,0,0,0,0.00018085163901560009,-9.748662705533206e-06,-6.481289892690256e-05,9.809398651123047
1784786921.0784,neutral,0.27,0,0,0,9.985385986510664e-05,-1.829217217164114e-05,-6.679127545794472e-05,9.80982494354248
1784786921.0986,neutral,0.27,0,0,0,3.474079858278856e-05,3.882265446009114e-06,3.9100206095099566e-07,9.809773445129395
1784786921.1189,neutral,0.27,0,0,0,0.00014902546536177397,2.445401332806796e-05,-6.521319301100448e-05,9.809772491455078
1784786921.1393,neutral,0.27,0,0,0,-0.00017504807328805327,8.38919950183481e-05,3.081756949541159e-05,9.810081481933594
1784786921.1595,neutral,0.27,0,0,0,-0.00010317894339095801,2.7439993573352695e-05,6.777764792786911e-05,9.809738159179688
1784786921.1798,neutral,0.27,0,0,0,-0.00023489574959967285,0.00011189428914804012,9.901070734485984e-05,9.80992317199707
1784786921.2000,neutral,0.27,0,0,0,-0.00010240163828711957,2.825487172231078e-05,6.794391083531082e-05,9.809991836547852
1784786921.2203,neutral,0.27,0,0,0,8.592368249082938e-05,-8.948513277573511e-05,-3.32037998305168e-05,9.80984115600586
1784786921.2405,neutral,0.27,0,0,0,8.617048297310248e-05,-8.901446562958881e-05,-3.283897603978403e-05,9.810096740722656
1784786921.2608,neutral,0.27,0,0,0,-0.00023489681188948452,0.00011272907431703061,9.941365715349093e-05,9.809991836547852
1784786921.2811,neutral,0.27,0,0,0,8.57997583807446e-05,-8.864723349688575e-05,-3.28025889757555e-05,9.810099601745605
1784786921.3014,neutral,0.27,0,0,0,0.00011868325964314863,-0.00012347320443950593,-3.2871954317670316e-05,9.809825897216797
1784786921.3217,neutral,0.27,0,0,0,-0.00010230108455289155,2.825231058523059e-05,6.79757067700848e-05,9.809988975524902
1784786921.3419,neutral,0.27,0,0,0,-0.00020201866573188454,0.00013311517250258476,9.938120638253167e-05,9.80969524383545
1784786921.3621,neutral,0.27,0,0,0,-0.00010230175394099206,2.8371563530527055e-05,6.795334775233641e-05,9.809988975524902
1784786921.3823,neutral,0.27,0,0,0,-0.00014536301023326814,-3.917666617780924e-06,6.521593604702502e-05,9.810164451599121
1784786921.4026,neutral,0.27,0,0,0,3.500824823277071e-05,3.994678991148248e-06,3.1872659178588947e-07,9.809778213500977
1784786921.4228,neutral,0.27,0,0,0,0.0001492719165980816,2.4328473955392838e-05,-6.528863013954833e-05,9.809768676757812
1784786921.4430,neutral,0.27,0,0,0,-0.00010219273099210113,2.753404260147363e-05,6.754030619049445e-05,9.80992603302002
1784786921.4632,neutral,0.27,0,0,0,0.00018180908227805048,-1.0488613042980433e-05,-6.538075831485912e-05,9.809906005859375
1784786921.4834,neutral,0.27,0,0,0,8.59209758345969e-05,-8.900809189071879e-05,-3.285329512436874e-05,9.810096740722656
1784786921.5037,neutral,0.27,0,0,0,8.627474744571373e-05,-8.901711407816038e-05,-3.285254570073448e-05,9.810096740722656
1784786921.5240,neutral,0.27,0,0,0,7.977948553161696e-05,-0.00010053747246274725,-3.236707198084332e-05,9.809927940368652
1784786921.5443,neutral,0.27,0,0,0,-0.00014194220420904458,4.989509761799127e-05,3.089298843406141e-05,9.810088157653809
1784786921.5646,neutral,0.27,0,0,0,-0.00023475625494029373,0.00011224845366086811,9.909115033224225e-05,9.8097505569458
1784786921.5848,neutral,0.27,0,0,0,-0.0002349824644625187,0.00011273125710431486,9.944099292624742e-05,9.809990882873535
1784786921.6050,yaw_pos,0.27,0,0,1.5,-0.00023487815633416176,0.00011272857955191284,9.941843745764345e-05,9.809988975524902
1784786921.6252,yaw_pos,0.27,0,0,1.5,-0.002044341526925564,-0.0001838821917772293,0.00047653965884819627,9.79529094696045
1784786921.6454,yaw_pos,0.27,0,0,1.5,0.0006830935599282384,0.001142257358878851,0.001104020862840116,9.794513702392578
1784786921.6657,yaw_pos,0.27,0,0,1.5,0.0030125565826892853,-8.122366853058338e-05,0.0006867190240882337,9.803278923034668
1784786921.6860,yaw_pos,0.27,0,0,1.5,0.003489257302135229,-0.0004459621850401163,0.0006527648656629026,9.804567337036133
1784786921.7062,yaw_pos,0.27,0,0,1.5,0.004300328437238932,-0.0008011274039745331,0.0005038215313106775,9.80756664276123
1784786921.7266,yaw_pos,0.27,0,0,1.5,0.006243753246963024,0.0014676032587885857,0.0011187305208295584,9.822071075439453
1784786921.7471,yaw_pos,0.27,0,0,1.5,0.0028252992779016495,-0.005551260896027088,-0.0008421355742029846,9.795562744140625
1784786921.7676,yaw_pos,0.27,0,0,1.5,0.006489594466984272,0.0012661553919315338,0.001044934499077499,9.824403762817383
1784786921.7878,yaw_pos,0.27,0,0,1.5,0.002902860753238201,-0.00564809562638402,-0.0008451970643363893,9.795106887817383
1784786921.8081,yaw_pos,0.27,0,0,1.5,0.006666239816695452,0.0012279683724045753,0.0010267990874126554,9.824172973632812
1784786921.8283,yaw_pos,0.27,0,0,1.5,0.006663385778665543,0.0011932244524359703,0.001025019446387887,9.823844909667969
1784786921.8486,yaw_pos,0.27,0,0,1.5,0.006671917624771595,0.0012167375534772873,0.0010332344099879265,9.824481964111328
1784786921.8688,yaw_pos,0.27,0,0,1.5,0.003078257665038109,-0.005712018348276615,-0.0008628281648270786,9.795256614685059
1784786921.8891,yaw_pos,0.27,0,0,1.5,0.0029412508010864258,-0.005627664737403393,-0.0008301746565848589,9.795467376708984
1784786921.9093,yaw_pos,0.27,0,0,1.5,0.006663969252258539,0.0012359661050140858,0.0010343036847189069,9.824275970458984
1784786921.9296,yaw_pos,0.27,0,0,1.5,0.006632228381931782,0.001200048252940178,0.0010314543033018708,9.824318885803223
1784786921.9498,yaw_pos,0.27,0,0,1.5,0.006659694015979767,0.0012354166246950626,0.001035257475450635,9.824285507202148
1784786921.9700,yaw_pos,0.27,0,0,1.5,0.0030372440814971924,-0.005702503025531769,-0.0008613953250460327,9.795478820800781
1784786921.9903,yaw_pos,0.27,0,0,1.5,0.0066660381853580475,0.0012247017584741116,0.0010329951765015721,9.824091911315918
1784786922.0105,yaw_pos,0.27,0,0,1.5,0.0029288134537637234,-0.005699316039681435,-0.0008350344724021852,9.795193672180176
1784786922.0308,yaw_pos,0.27,0,0,1.5,0.0031828610226511955,-0.0057355621829628944,-0.0009308959706686437,9.796541213989258
1784786922.0510,yaw_pos,0.27,0,0,1.5,0.0029041492380201817,-0.005617897026240826,-0.0008295764564536512,9.795694351196289
1784786922.0714,yaw_pos,0.27,0,0,1.5,0.00665742252022028,0.0012352406047284603,0.0010357333812862635,9.824491500854492
1784786922.0917,yaw_pos,0.27,0,0,1.5,-0.338537335395813,0.9875763654708862,-1.0871875286102295,-31.48587417602539
1784786922.1121,yaw_pos,0.27,0,0,1.5,-0.13699734210968018,1.508721947669983,-4.599266052246094,-12.751792907714844
1784786922.1323,yaw_pos,0.27,0,0,1.5,0.14540934562683105,0.9100173115730286,-5.30105447769165,-0.6805341839790344
1784786922.1527,yaw_pos,0.27,0,0,1.5,0.0697394609451294,0.7619764804840088,-5.007704257965088,1.3474409580230713
1784786922.1729,yaw_pos,0.27,0,0,1.5,-0.025874197483062744,0.7078117728233337,-4.176024436950684,0.2139500379562378
1784786922.1931,yaw_pos,0.27,0,0,1.5,-0.03882181644439697,0.6637686491012573,-3.4671685695648193,-2.940396547317505
1784786922.2135,neutral,0.27,0,0,0,-0.03432726860046387,0.6227936744689941,-3.4244136810302734,-4.6118245124816895
1784786922.2339,neutral,0.27,0,0,0,-0.005936682224273682,0.5639808177947998,-3.327651023864746,-12.338519096374512
1784786922.2542,neutral,0.27,0,0,0,0.0809573233127594,0.5068275928497314,-1.7683842182159424,-17.089401245117188
1784786922.2744,neutral,0.27,0,0,0,0.06268808245658875,0.4554486572742462,-0.008584346622228622,-14.043806076049805
1784786922.2947,neutral,0.27,0,0,0,-0.015045218169689178,0.46198922395706177,0.8386405110359192,-8.799153327941895
1784786922.3150,neutral,0.27,0,0,0,-0.04904051125049591,0.4458308219909668,0.7397902607917786,-7.549902439117432
1784786922.3353,neutral,0.27,0,0,0,-0.031002573668956757,0.3944023847579956,0.24725747108459473,-7.849186897277832
1784786922.3555,neutral,0.27,0,0,0,-0.015796005725860596,0.3640373945236206,-0.03866512328386307,-8.11513900756836
1784786922.3759,neutral,0.27,0,0,0,-0.003915309906005859,0.32348689436912537,-0.238444522023201,-8.674385070800781
1784786922.3962,neutral,0.27,0,0,0,-0.00508483499288559,0.29689469933509827,-0.14364218711853027,-9.106524467468262
1784786922.4165,neutral,0.27,0,0,0,0.4658856689929962,0.7174587249755859,-0.1077379360795021,-12.26830005645752
1784786922.4367,neutral,0.27,0,0,0,0.21985074877738953,0.48089799284935,-0.047143854200839996,-11.493659019470215
1784786922.4570,neutral,0.27,0,0,0,0.1801087111234665,0.30329200625419617,-0.03413010016083717,-11.920750617980957
1784786922.4774,neutral,0.27,0,0,0,-0.023650383576750755,0.08776002377271652,-0.006132957525551319,-11.004132270812988
1784786922.4977,neutral,0.27,0,0,0,-0.22089937329292297,0.052442848682403564,0.044410351663827896,-10.030376434326172
1784786922.5180,neutral,0.27,0,0,0,-0.16899210214614868,0.09675389528274536,0.038456570357084274,-10.05645751953125
1784786922.5383,neutral,0.27,0,0,0,-0.04897601157426834,0.14033833146095276,0.01420542411506176,-10.088281631469727
1784786922.5585,neutral,0.27,0,0,0,-0.01836547628045082,0.1302013248205185,-0.005939910188317299,-10.105649948120117
1784786922.5788,neutral,0.27,0,0,0,-0.03258739784359932,0.10818754136562347,-0.012008009478449821,-10.116537094116211
1784786922.5990,neutral,0.27,0,0,0,-0.0388752818107605,0.09868171811103821,-0.009778331965208054,-10.120952606201172
1784786922.6193,neutral,0.27,0,0,0,-0.03507682681083679,0.08861008286476135,-0.001001402735710144,-10.125225067138672
1784786922.6395,neutral,0.27,0,0,0,-0.029725251719355583,0.08194631338119507,0.0028018802404403687,-10.125859260559082
1784786922.6598,neutral,0.27,0,0,0,-0.027537042275071144,0.07714131474494934,0.003210080787539482,-10.125555038452148
1784786922.6800,neutral,0.27,0,0,0,-0.024803869426250458,0.06797134131193161,0.0012357058003544807,-10.123907089233398
1784786922.7002,neutral,0.27,0,0,0,-0.02349323034286499,0.06389443576335907,0.00010180845856666565,-10.12270450592041
1784786922.7205,neutral,0.27,0,0,0,-0.021443098783493042,0.05833342671394348,-0.0008040899410843849,-10.120695114135742
1784786922.7408,neutral,0.27,0,0,0,-0.019507665187120438,0.053266510367393494,-0.0007540667429566383,-10.118480682373047
1784786922.7610,neutral,0.27,0,0,0,-0.017786875367164612,0.048614561557769775,-0.00027672573924064636,-10.116154670715332
1784786922.7812,neutral,0.27,0,0,0,-0.016242746263742447,0.04436095058917999,0.00011805770918726921,-10.113777160644531
1784786922.8014,neutral,0.27,0,0,0,-0.014830131083726883,0.04048267379403114,0.00023594126105308533,-10.111406326293945
1784786922.8218,neutral,0.27,0,0,0,-0.013533735647797585,0.03694558143615723,0.00015058182179927826,-10.109024047851562
1784786922.8420,neutral,0.27,0,0,0,-0.012349274009466171,0.03371753171086311,1.918058842420578e-05,-10.106663703918457
1784786922.8622,neutral,0.27,0,0,0,-0.011618630960583687,0.03172365576028824,-3.917235881090164e-05,-10.105093002319336
1784786922.8824,neutral,0.27,0,0,0,-0.01028500683605671,0.02808203548192978,-5.764234811067581e-05,-10.10200023651123
1784786922.9026,neutral,0.27,0,0,0,-0.009385650977492332,0.025625096634030342,-2.4028122425079346e-05,-10.10164737701416
1784786922.9230,neutral,0.27,0,0,0,-0.00883046817034483,0.024110186845064163,-1.773238182067871e-06,-10.098392486572266
1784786922.9436,neutral,0.27,0,0,0,-0.007817107252776623,0.02134350873529911,1.724320463836193e-05,-10.095212936401367
1784786922.9639,neutral,0.27,0,0,0,-0.007134317420423031,0.019478406757116318,1.2009404599666595e-05,-10.093021392822266
1784786922.9841,neutral,0.27,0,0,0,-0.0067123896442353725,0.018326837569475174,5.353009328246117e-06,-10.091571807861328
1784786923.0045,neutral,0.27,0,0,0,-0.006125628016889095,0.016725176945328712,-2.3883767426013947e-06,-10.089428901672363
1784786923.0250,yaw_neg,0.27,0,0,-1.5,-0.005590247455984354,0.01526399701833725,-4.577916115522385e-06,-10.087315559387207
1784786923.0453,yaw_neg,0.27,0,0,-1.5,-0.00466887466609478,0.013783332891762257,0.20276488363742828,-12.235968589782715
1784786923.0655,yaw_neg,0.27,0,0,-1.5,-0.0031657814979553223,0.01238873228430748,1.0401535034179688,-16.45359230041504
1784786923.0859,yaw_neg,0.27,0,0,-1.5,-0.0015097856521606445,0.009897492825984955,3.4248828887939453,-18.541372299194336
1784786923.1061,yaw_neg,0.27,0,0,-1.5,-0.0032727718353271484,0.010812714695930481,4.524141788482666,-12.627337455749512
1784786923.1264,yaw_neg,0.27,0,0,-1.5,-0.004436194896697998,0.01139378547668457,4.682282447814941,-9.195261001586914
1784786923.1467,yaw_neg,0.27,0,0,-1.5,-0.004563570022583008,0.010606825351715088,4.190104961395264,-7.402853965759277
1784786923.1669,yaw_neg,0.27,0,0,-1.5,-0.0038962960243225098,0.009636402130126953,3.8787622451782227,-7.569098949432373
1784786923.1872,yaw_neg,0.27,0,0,-1.5,-0.003081023693084717,0.008435294032096863,3.6138951778411865,-8.220293045043945
1784786923.2074,yaw_neg,0.27,0,0,-1.5,-0.0027114152908325195,0.007631570100784302,3.6107308864593506,-8.989175796508789
1784786923.2276,yaw_neg,0.27,0,0,-1.5,-0.002566099166870117,0.007018417119979858,3.7346930503845215,-9.555853843688965
1784786923.2479,yaw_neg,0.27,0,0,-1.5,-0.0023981332778930664,0.006296932697296143,3.8658697605133057,-9.915753364562988
1784786923.2682,yaw_neg,0.27,0,0,-1.5,-0.0022864937782287598,0.005947202444076538,3.882356882095337,-10.00645923614502
1784786923.2884,yaw_neg,0.27,0,0,-1.5,-0.002095460891723633,0.0054357051849365234,3.862412452697754,-10.113105773925781
1784786923.3088,yaw_neg,0.27,0,0,-1.5,-0.0019060373306274414,0.004954606294631958,3.8270182609558105,-10.211457252502441
1784786923.3291,yaw_neg,0.27,0,0,-1.5,-0.0017343759536743164,0.0045171380043029785,3.8055121898651123,-10.29899787902832
1784786923.3500,yaw_neg,0.27,0,0,-1.5,-0.0015864968299865723,0.004122912883758545,3.803583860397339,-10.363869667053223
1784786923.3704,yaw_neg,0.27,0,0,-1.5,-0.0014502406120300293,0.0037476420402526855,3.81268572807312,-10.401779174804688
1784786923.3906,yaw_neg,0.27,0,0,-1.5,-0.0013341307640075684,0.0034314393997192383,3.820965528488159,-10.415393829345703
1784786923.4109,yaw_neg,0.27,0,0,-1.5,-0.0012598633766174316,0.003232419490814209,3.823593854904175,-10.417559623718262
1784786923.4313,yaw_neg,0.27,0,0,-1.5,-0.0011237859725952148,0.0028600096702575684,3.822645664215088,-10.465941429138184
1784786923.4518,yaw_neg,0.27,0,0,-1.5,-0.0010581612586975098,0.0026927590370178223,3.8208839893341064,-10.417076110839844
1784786923.4722,yaw_neg,0.27,0,0,-1.5,-0.0009710788726806641,0.0024605393409729004,3.8188040256500244,-10.417479515075684
1784786923.4929,yaw_neg,0.27,0,0,-1.5,-0.0008658766746520996,0.00218123197555542,3.8182482719421387,-10.417098999023438
1784786923.5132,yaw_neg,0.27,0,0,-1.5,-0.0008168220520019531,0.0020533204078674316,3.8186235427856445,-10.415946006774902
1784786923.5336,yaw_neg,0.27,0,0,-1.5,-0.0007485151290893555,0.0018758773803710938,3.8193140029907227,-10.410497665405273
1784786923.5541,yaw_neg,0.27,0,0,-1.5,-0.0006670355796813965,0.0016630887985229492,3.81974720954895,-10.408132553100586
1784786923.5744,yaw_neg,0.27,0,0,-1.5,-0.0006297826766967773,0.0015662908554077148,3.81972074508667,-10.405570983886719
1784786923.5946,yaw_neg,0.27,0,0,-1.5,-0.000577390193939209,0.0014309287071228027,3.819544792175293,-10.401812553405762
1784786923.6149,yaw_neg,0.27,0,0,-1.5,-0.0005294680595397949,0.0013068914413452148,3.8193843364715576,-10.398219108581543
1784786923.6351,neutral,0.27,0,0,0,-0.00048539042472839355,0.001194000244140625,3.8193275928497314,-10.394079208374023
1784786923.6554,neutral,0.27,0,0,0,-0.00045746564865112305,0.0011246204376220703,3.8193397521972656,-10.392356872558594
1784786923.6756,neutral,0.27,0,0,0,-0.0005957484245300293,0.001067519187927246,1.9150811433792114,-16.905309677124023
1784786923.6959,neutral,0.27,0,0,0,-0.0005152048543095589,0.0009474735707044601,0.0431332103908062,-14.864875793457031
1784786923.7161,neutral,0.27,0,0,0,-0.0004155263304710388,0.0009074211120605469,-0.7013201713562012,-11.423173904418945
1784786923.7364,neutral,0.27,0,0,0,-0.0003031417727470398,0.0008589327335357666,-0.9011822938919067,-8.261687278747559
1784786923.7566,neutral,0.27,0,0,0,-0.0002743341028690338,0.0007490366697311401,-0.27378442883491516,-8.03304672241211
1784786923.7768,neutral,0.27,0,0,0,-0.00027936440892517567,0.0007020081393420696,0.032106466591358185,-8.176178932189941
1784786923.7972,neutral,0.27,0,0,0,-0.000276150181889534,0.0006495341658592224,0.245863139629364,-8.459258079528809
1784786923.8178,neutral,0.27,0,0,0,-0.00024611223489046097,0.0005806311964988708,0.15518628060817719,-8.964381217956543
1784786923.8381,neutral,0.27,0,0,0,-0.0002270592376589775,0.0005441829562187195,0.05804552882909775,-9.176322937011719
1784786923.8586,neutral,0.27,0,0,0,-0.0002016969956457615,0.0004935534670948982,-0.04491683840751648,-9.409128189086914
1784786923.8788,neutral,0.27,0,0,0,-0.0001824614591896534,0.0004494655877351761,-0.0671769380569458,-9.573795318603516
1784786923.8991,neutral,0.27,0,0,0,-0.00016708485782146454,0.00041077472269535065,-0.03743714839220047,-9.690808296203613
1784786923.9193,neutral,0.27,0,0,0,-0.0001578314695507288,0.0003867542836815119,-0.011563679203391075,-9.746147155761719
1784786923.9395,neutral,0.27,0,0,0,-0.00014077487867325544,0.00034288689494132996,0.017302164807915688,-9.818001747131348
1784786923.9599,neutral,0.27,0,0,0,-0.00013250787742435932,0.0003225882537662983,0.017688503488898277,-9.841032028198242
1784786923.9802,neutral,0.27,0,0,0,-0.00012070115189999342,0.0002943701110780239,0.008885915391147137,-9.864712715148926
1784786924.0004,neutral,0.27,0,0,0,-0.00010717750410549343,0.00026050955057144165,-0.0027486130129545927,-9.882919311523438
1784786924.0206,neutral,0.27,0,0,0,-0.00010072847362607718,0.00024526065681129694,-0.004838652443140745,-9.888339042663574
1784786924.0408,neutral,0.27,0,0,0,-9.170389967039227e-05,0.00022346782498061657,-0.003924511838704348,-9.893567085266113
1784786924.0611,neutral,0.27,0,0,0,-8.359110506717116e-05,0.00020442629465833306,-0.0011272362899035215,-9.896449089050293
1784786924.0813,neutral,0.27,0,0,0,-7.625984289916232e-05,0.00018623724463395774,0.0008890258613973856,-9.897867202758789
1784786924.1016,neutral,0.27,0,0,0,-7.19709278200753e-05,0.0001750851806718856,0.0013332829112187028,-9.898277282714844
1784786924.1221,neutral,0.27,0,0,0,-6.358960672514513e-05,0.0001553834299556911,0.0007319005089811981,-9.898301124572754
1784786924.1423,neutral,0.27,0,0,0,-5.781466461485252e-05,0.0001421123306499794,1.0886869858950377e-05,-9.897887229919434
1784786924.1626,neutral,0.27,0,0,0,-5.454838537843898e-05,0.00013357048737816513,-0.00027375557692721486,-9.897489547729492
1784786924.1829,neutral,0.27,0,0,0,-4.842779162572697e-05,0.00011793865996878594,-0.00030410700128413737,-9.896515846252441
1784786924.2031,neutral,0.27,0,0,0,-4.4004485971527174e-05,0.00010792879038490355,-0.00010358232975704595,-9.895695686340332
1784786924.2234,neutral,0.27,0,0,0,-4.1622493881732225e-05,0.00010148931323783472,1.3928696716902778e-05,-9.89510726928711
1784786924.2436,neutral,0.27,0,0,0,-3.6604491469915956e-05,8.962391439126804e-05,9.736142965266481e-05,-9.893871307373047
1784786924.2638,neutral,0.27,0,0,0,-3.467075293883681e-05,8.422940300079063e-05,7.670753984712064e-05,-9.893279075622559
1784786924.2841,neutral,0.27,0,0,0,4.582458019256592,-5.485792636871338,-20.91429901123047,99.8289794921875
1784786924.3044,neutral,0.27,0,0,0,0.8079077005386353,-0.9710533618927002,-15.516464233398438,-22.64988899230957
1784786924.3247,neutral,0.27,0,0,0,-0.1896047592163086,0.3152579069137573,-12.622864723205566,-24.512086868286133
1784786924.3452,neutral,0.27,0,0,0,-0.5721895694732666,0.6459975242614746,-8.21694564819336,-27.698373794555664
1784786924.3654,neutral,0.27,0,0,0,-0.4076864719390869,0.41611984372138977,-4.073858737945557,-28.81332778930664
1784786924.3857,neutral,0.27,0,0,0,-0.2128518521785736,0.23045426607131958,-0.4203764498233795,-24.774410247802734
1784786924.4059,neutral,0.27,0,0,0,-0.11510146409273148,0.1415788233280182,1.14981210231781,-11.761918067932129
1784786924.4261,neutral,0.27,0,0,0,-0.06894838809967041,0.09168333560228348,1.6080567836761475,-2.9005625247955322
1784786924.4464,thrust_up,0.5700000000000001,0,0,0,-0.09645940363407135,0.11386778950691223,0.6898079514503479,-2.975071430206299
1784786924.4666,thrust_up,0.5700000000000001,0,0,0,-0.09502677619457245,0.11074475944042206,0.06907695531845093,-3.5091137886047363
1784786924.4868,thrust_up,0.5700000000000001,0,0,0,-0.08212749660015106,0.0995173454284668,-0.4795086681842804,-21.773767471313477
1784786924.5071,thrust_up,0.5700000000000001,0,0,0,-0.07560843229293823,0.0921792984008789,-0.4274585545063019,-23.69725227355957
1784786924.5273,thrust_up,0.5700000000000001,0,0,0,-0.06831806898117065,0.08221207559108734,-0.1675349920988083,-28.448272705078125
1784786924.5477,thrust_up,0.5700000000000001,0,0,0,-0.0623667910695076,0.07475021481513977,0.04925702512264252,-30.2222957611084
1784786924.5679,thrust_up,0.5700000000000001,0,0,0,-0.05635950341820717,0.06770916283130646,0.12472459673881531,-31.102861404418945
1784786924.5882,thrust_up,0.5700000000000001,0,0,0,-0.05261262133717537,0.06325079500675201,0.10863351076841354,-31.402095794677734
1784786924.6084,thrust_up,0.5700000000000001,0,0,0,-0.04598383605480194,0.055262066423892975,0.021132947877049446,-31.593984603881836
1784786924.6286,thrust_up,0.5700000000000001,0,0,0,-0.04160454124212265,0.049998532980680466,-0.023598939180374146,-31.469295501708984
1784786924.6489,thrust_up,0.5700000000000001,0,0,0,-0.038912855088710785,0.046768296509981155,-0.03234279900789261,-31.339828491210938
1784786924.6694,thrust_up,0.5700000000000001,0,0,0,-0.034043796360492706,0.0409163273870945,-0.017192579805850983,-30.941545486450195
1784786924.6896,thrust_up,0.5700000000000001,0,0,0,-0.03184230253100395,0.03826949745416641,-0.005405971314758062,-30.786712646484375
1784786924.7100,thrust_up,0.5700000000000001,0,0,0,-0.028810884803533554,0.03462454676628113,0.00614800164476037,-30.4569034576416
1784786924.7302,thrust_up,0.5700000000000001,0,0,0,-0.025209389626979828,0.030296970158815384,0.0072725932113826275,-29.98955726623535
1784786924.7504,thrust_up,0.5700000000000001,0,0,0,-0.02358124777674675,0.02834022417664528,0.004435798618942499,-29.746789932250977
1784786924.7707,thrust_up,0.5700000000000001,0,0,0,-0.021334772929549217,0.025640737265348434,0.00011446024291217327,-29.37757110595703
1784786924.7910,thrust_up,0.5700000000000001,0,0,0,-0.01929548941552639,0.023190200328826904,-0.0020202086307108402,-29.134031295776367
1784786924.8112,thrust_up,0.5700000000000001,0,0,0,-0.017460715025663376,0.020984536036849022,-0.0018798628589138389,-28.620187759399414
1784786924.8315,thrust_up,0.5700000000000001,0,0,0,-0.01633528061211109,0.019632067531347275,-0.0011425625998526812,-28.365135192871094
1784786924.8518,thrust_up,0.5700000000000001,0,0,0,-0.014295822009444237,0.017180783674120903,0.00023463123943656683,-27.85141372680664
1784786924.8721,thrust_up,0.5700000000000001,0,0,0,-0.012935508042573929,0.015545746311545372,0.0005637345020659268,-27.46441650390625
1784786924.8926,thrust_up,0.5700000000000001,0,0,0,-0.011703891679644585,0.01406644657254219,0.00039753055898472667,-27.076879501342773
1784786924.9129,thrust_up,0.5700000000000001,0,0,0,-0.010590890422463417,0.012728285044431686,8.996948599815369e-05,-26.6888370513916
1784786924.9333,thrust_up,0.5700000000000001,0,0,0,-0.009908766485750675,0.011908311396837234,-6.155495066195726e-05,-26.43085289001465
1784786924.9536,thrust_up,0.5700000000000001,0,0,0,-0.008673001080751419,0.010423573665320873,-0.00014132377691566944,-25.916065216064453
1784786924.9739,thrust_up,0.5700000000000001,0,0,0,-0.008114487864077091,0.009752408601343632,-0.00010274240048602223,-25.65968132019043
1784786924.9941,thrust_up,0.5700000000000001,0,0,0,-0.007344025187194347,0.008825239725410938,-2.306397072970867e-05,-25.259578704833984
1784786925.0147,thrust_up,0.5700000000000001,0,0,0,-0.006427994929254055,0.007725272327661514,3.5391043638810515e-05,-24.769433975219727
1784786925.0349,thrust_up,0.5700000000000001,0,0,0,-0.006014085374772549,0.007228587754070759,3.663942334242165e-05,-24.517576217651367
1784786925.0553,neutral,0.27,0,0,0,-0.0054422845132648945,0.0065408735536038876,1.959750079549849e-05,-24.185810089111328
1784786925.0756,neutral,0.27,0,0,0,-0.004550113342702389,0.005468133836984634,-4.353525582700968e-06,-1.7786619663238525
1784786925.0958,neutral,0.27,0,0,0,-0.004096086602658033,0.004923120141029358,-9.152514394372702e-06,8.125923156738281
1784786925.1161,neutral,0.27,0,0,0,-0.003672119230031967,0.004413376096636057,-8.023125701583922e-06,11.860706329345703
1784786925.1363,neutral,0.27,0,0,0,-0.0034687677398324013,0.004168985411524773,-4.490750143304467e-06,10.940802574157715
1784786925.1565,neutral,0.27,0,0,0,-0.0030967756174504757,0.0037219806108623743,1.544714905321598e-06,6.7439093589782715
1784786925.1771,neutral,0.27,0,0,0,-0.0028315577656030655,0.0034031840041279793,2.5715562514960766e-06,3.552210807800293
1784786925.1975,neutral,0.27,0,0,0,-0.002665972337126732,0.003204307984560728,1.994892954826355e-06,1.7491085529327393
1784786925.2178,neutral,0.27,0,0,0,-0.002365422435104847,0.0028426400385797024,1.7567072063684464e-07,-0.9696760177612305
1784786925.2381,neutral,0.27,0,0,0,-0.002228373195976019,0.0026783659122884274,-4.1605380829423666e-07,-1.9654021263122559
1784786925.2583,neutral,0.27,0,0,0,-0.001977610867470503,0.002376847667619586,-5.544570740312338e-07,-3.348165273666382
1784786925.2786,neutral,0.27,0,0,0,-0.0018626735545694828,0.002238696441054344,-3.545283107087016e-07,-3.821981191635132
1784786925.2988,neutral,0.27,0,0,0,-0.0017025892157107592,0.002046565990895033,-7.795460987836123e-08,-4.344089508056641
1784786925.3192,neutral,0.27,0,0,0,-0.001510433154180646,0.0018152110278606415,1.3798853615298867e-07,-4.800521373748779
1784786925.3394,neutral,0.27,0,0,0,-0.0014226019848138094,0.0017095344373956323,1.2162490747869015e-07,-4.9594221115112305
1784786925.3597,neutral,0.27,0,0,0,-0.0012999688042327762,0.001562515739351511,1.2405507732182741e-08,-5.145049571990967
1784786925.3799,neutral,0.27,0,0,0,-0.0011883487459272146,0.0014282434713095427,-3.314926289021969e-08,-5.28375244140625
1784786925.4001,neutral,0.27,0,0,0,-0.001086115138605237,0.0013051925925537944,5.841138772666454e-08,-5.393045902252197
1784786925.4203,neutral,0.27,0,0,0,-0.0010229609906673431,0.0012293236795812845,9.735958883538842e-08,-5.454634189605713
1784786925.4406,neutral,0.27,0,0,0,-0.0009348641615360975,0.0011233052937313914,8.037022780627012e-08,-5.53593111038208
1784786925.4609,neutral,0.27,0,0,0,-0.000829049851745367,0.0009963058400899172,6.2515027821064e-08,-5.630287170410156
1784786925.4811,neutral,0.27,0,0,0,-0.0007809329545125365,0.0009385587181895971,9.2186382971704e-09,-5.673480987548828
1784786925.5016,neutral,0.27,0,0,0,-0.0007136455969884992,0.0008575718384236097,-3.782042767852545e-08,-5.7346930503845215
1784786925.5218,neutral,0.27,0,0,0,-0.0006326307193376124,0.0007604629499837756,-8.272400009445846e-08,-5.811670780181885
1784786925.5422,neutral,0.27,0,0,0,-0.0005958030233159661,0.0007162455003708601,-7.257040124386549e-08,-5.848727226257324
1784786925.5625,neutral,0.27,0,0,0,-0.0005444528651423752,0.0006541699403896928,2.839806256815791e-08,-5.902841091156006
1784786925.5827,neutral,0.27,0,0,0,-0.0004975205520167947,0.0005978874396532774,1.7920683603733778e-08,-5.955372333526611
1784786925.6030,neutral,0.27,0,0,0,-6.525642395019531,-22.337425231933594,1.7222304344177246,638.7227172851562
1784786925.6233,neutral,0.27,0,0,0,-4.311327934265137,-15.845924377441406,1.2865862846374512,-18.738445281982422
1784786925.6435,neutral,0.27,0,0,0,-1.5181759595870972,-3.0632596015930176,0.3454391360282898,-26.427095413208008
1784786925.6638,neutral,0.27,0,0,0,-1.4272847175598145,1.0493284463882446,-0.148343026638031,-19.21283721923828
1784786925.6840,neutral,0.27,0,0,0,-1.4871666431427002,0.37787532806396484,-0.2644428014755249,-13.890852928161621
1784786925.7045,neutral,0.27,0,0,0,-1.5348470211029053,-0.8382260799407959,-0.16597773134708405,-5.234741687774658
1784786925.7249,neutral,0.27,0,0,0,-1.361781120300293,-0.6593527793884277,-0.015859469771385193,-4.404030799865723
1784786925.7452,neutral,0.27,0,0,0,-1.254287600517273,-0.49674081802368164,0.04857522249221802,-4.83644437789917
1784786925.7654,neutral,0.27,0,0,0,-1.1080513000488281,-0.39321255683898926,0.06504832208156586,-6.3140482902526855
1784786925.7857,neutral,0.27,0,0,0,-1.0472822189331055,-0.3903086185455322,0.04000011086463928,-7.037379741668701
1784786925.8059,neutral,0.27,0,0,0,-0.9589201211929321,-0.3749576807022095,0.0005883276462554932,-7.943273544311523
1784786925.8263,neutral,0.27,0,0,0,-0.8486428260803223,-0.3312901258468628,-0.019818902015686035,-8.79360294342041
1784786925.8465,neutral,0.27,0,0,0,-0.7981295585632324,-0.3095378279685974,-0.01661817729473114,-9.08824348449707
1784786925.8668,thrust_dn,0.07,0,0,0,-0.7281700372695923,-0.28131192922592163,-0.005666039884090424,-9.404901504516602
1784786925.8870,thrust_dn,0.07,0,0,0,-0.6850458979606628,-0.2646820545196533,0.0007584467530250549,-9.551032066345215
1784786925.9072,thrust_dn,0.07,0,0,0,-0.5732603669166565,-0.22164827585220337,0.005326502025127411,8.300897598266602
1784786925.9274,thrust_dn,0.07,0,0,0,-0.5321693420410156,-0.20572137832641602,0.0042404234409332275,9.831751823425293
1784786925.9478,thrust_dn,0.07,0,0,0,-0.4888201355934143,-0.1889580488204956,0.0013066232204437256,8.928543090820312
1784786925.9680,thrust_dn,0.07,0,0,0,-0.44317930936813354,-0.1714189648628235,-0.0012332871556282043,5.9607439041137695
1784786925.9883,thrust_dn,0.07,0,0,0,-0.42005807161331177,-0.16250532865524292,-0.001399703323841095,4.464642524719238
1784786926.0085,thrust_dn,0.07,0,0,0,-0.3853414058685303,-0.14907753467559814,-0.0008053779602050781,2.5643856525421143
1784786926.0287,thrust_dn,0.07,0,0,0,-0.3425002694129944,-0.1324773132801056,0.00014635175466537476,0.7387262582778931
1784786926.0488,thrust_dn,0.07,0,0,0,-0.323111891746521,-0.12496691942214966,0.0003531835973262787,0.08700120449066162
1784786926.0690,thrust_dn,0.07,0,0,0,-0.29633212089538574,-0.11460161209106445,0.0003272444009780884,-0.6233991384506226
1784786926.0893,thrust_dn,0.07,0,0,0,-0.2798398733139038,-0.1082226037979126,0.0001920759677886963,-0.9956488013267517
1784786926.1095,thrust_dn,0.07,0,0,0,-0.2495659589767456,-0.09651678800582886,-5.304068326950073e-05,-1.4885451793670654
1784786926.1297,thrust_dn,0.07,0,0,0,-0.2289866805076599,-0.08855918049812317,-0.0001030266284942627,-1.7296693325042725
1784786926.1500,thrust_dn,0.07,0,0,0,-0.2101137638092041,-0.08126014471054077,-6.493926048278809e-05,-1.8821626901626587
1784786926.1702,thrust_dn,0.07,0,0,0,-0.1928146481513977,-0.07456883788108826,-7.718801498413086e-06,-1.9774055480957031
1784786926.1904,thrust_dn,0.07,0,0,0,-0.18208451569080353,-0.07041841745376587,1.755356788635254e-05,-2.027015447616577
1784786926.2106,thrust_dn,0.07,0,0,0,-0.1623774766921997,-0.06279602646827698,2.5035813450813293e-05,-2.1249608993530273
1784786926.2307,thrust_dn,0.07,0,0,0,-0.15331189334392548,-0.05928991734981537,1.5750527381896973e-05,-2.130521774291992
1784786926.2509,thrust_dn,0.07,0,0,0,-0.14069582521915436,-0.05441081523895264,6.407499313354492e-07,-2.16817045211792
1784786926.2711,thrust_dn,0.07,0,0,0,-0.1254790723323822,-0.048525989055633545,-7.497146725654602e-06,-2.2118184566497803
1784786926.2913,thrust_dn,0.07,0,0,0,-0.11850067973136902,-0.045827195048332214,-6.4391642808914185e-06,-2.2315661907196045
1784786926.3115,thrust_dn,0.07,0,0,0,-0.10875608026981354,-0.04205867648124695,-2.289190888404846e-06,-2.2607929706573486
1784786926.3320,thrust_dn,0.07,0,0,0,-0.09981556981801987,-0.038601018488407135,1.0579824447631836e-06,-2.2895798683166504
1784786926.3523,thrust_dn,0.07,0,0,0,-0.09161263704299927,-0.03542858362197876,2.0600855350494385e-06,-2.3182363510131836
1784786926.3727,thrust_dn,0.07,0,0,0,-0.08652329444885254,-0.03346036374568939,1.6614794731140137e-06,-2.3374454975128174
1784786926.3929,thrust_dn,0.07,0,0,0,-0.07718034088611603,-0.029847145080566406,1.685693860054016e-07,-2.376580238342285
1784786926.4131,thrust_dn,0.07,0,0,0,-0.07084351032972336,-0.027396664023399353,-4.628673195838928e-07,-2.4238834381103516
1784786926.4333,thrust_dn,0.07,0,0,0,-0.06690260767936707,-0.02587263286113739,-5.709007382392883e-07,-2.4264473915100098
1784786926.4536,thrust_dn,0.07,0,0,0,-0.05969308689236641,-0.023084521293640137,-2.421438694000244e-07,-2.471891403198242
1784786926.4738,neutral,0.27,0,0,0,-0.05639367550611496,-0.021808654069900513,-2.514570951461792e-08,-2.4977006912231445
1784786926.4945,neutral,0.27,0,0,0,-0.05212397500872612,-0.020157471299171448,1.3969838619232178e-07,-3.963024854660034
1784786926.5148,neutral,0.27,0,0,0,-0.049318648874759674,-0.019072458148002625,1.1548399925231934e-07,-7.0218939781188965
1784786926.5354,neutral,0.27,0,0,0,-0.047239258885383606,-0.018268361687660217,2.0489096641540527e-08,-8.056506156921387
1784786926.5556,neutral,0.27,0,0,0,-0.04291404038667679,-0.01659567654132843,5.587935447692871e-09,-9.131999015808105
1784786926.5759,neutral,0.27,0,0,0,-0.03729492053389549,-0.014422629028558731,1.210719347000122e-08,-9.975628852844238
1784786926.5964,neutral,0.27,0,0,0,-0.03500810265541077,-0.013538293540477753,1.3504177331924438e-08,-10.237959861755371
1784786926.6166,neutral,0.27,0,0,0,-0.032976243644952774,-0.012752600014209747,-3.119930624961853e-08,-10.42800521850586
1784786926.6368,neutral,0.27,0,0,0,-0.029286937788128853,-0.011325884610414505,6.05359673500061e-09,-10.672714233398438
1784786926.6571,neutral,0.27,0,0,0,-0.026721060276031494,-0.01031016930937767,-4.0512531995773315e-08,-10.785860061645508
1784786926.6773,neutral,0.27,0,0,0,-0.02507256716489792,-0.00968436524271965,6.984919309616089e-09,-10.84192180633545
1784786926.6975,neutral,0.27,0,0,0,-0.022108543664216995,-0.008608441799879074,8.614733815193176e-08,-10.927075386047363
1784786926.7178,neutral,0.27,0,0,0,-0.02099047787487507,-0.007984142750501633,1.6670674085617065e-07,-10.961615562438965
1784786926.7381,neutral,0.27,0,0,0,-0.019138015806674957,-0.007176164537668228,1.4039687812328339e-07,-11.007603645324707
1784786926.7584,neutral,0.27,0,0,0,-0.01686771959066391,-0.007119450718164444,1.501757651567459e-07,-11.062980651855469
1784786926.7787,neutral,0.27,0,0,0,-0.01576242782175541,-0.006573669612407684,-6.752088665962219e-09,-11.089349746704102
1784786926.7990,neutral,0.27,0,0,0,-0.014700581319630146,-0.0056863464415073395,5.587935447692871e-09,-11.123044967651367
1784786926.8194,neutral,0.27,0,0,0,-0.01328485831618309,-0.0049125440418720245,-3.795139491558075e-08,-11.108198165893555
1784786926.8396,neutral,0.27,0,0,0,-0.012110509909689426,-0.004679819568991661,-3.329478204250336e-08,-11.092240333557129
1784786926.8599,neutral,0.27,0,0,0,-0.010734917595982552,-0.0041866181418299675,5.75091689825058e-08,-11.076135635375977
1784786926.8802,neutral,0.27,0,0,0,-0.01012145821005106,-0.003926368430256844,4.7963112592697144e-08,-11.057265281677246
1784786926.9004,neutral,0.27,0,0,0,-0.009525217115879059,-0.003682243637740612,3.993045538663864e-08,-11.0447416305542
1784786926.9211,neutral,0.27,0,0,0,-0.008423905819654465,-0.003256971947848797,2.0791776478290558e-07,-11.018962860107422
1784786926.9413,neutral,0.27,0,0,0,-0.007688047364354134,-0.0029762275516986847,1.26776285469532e-07,-10.9988374710083
1784786926.9616,neutral,0.27,0,0,0,-0.0072354949079453945,-0.0028015384450554848,6.880145519971848e-08,-10.98518180847168
1784786926.9819,neutral,0.27,0,0,0,-0.006605186033993959,-0.0025570839643478394,-7.753260433673859e-08,-10.973730087280273
1784786927.0021,neutral,0.27,0,0,0,-0.005849134176969528,-0.0022639897651970387,-1.0163057595491409e-07,-10.935498237609863
1784786927.0223,neutral,0.27,0,0,0,-0.005503526423126459,-0.0021301363594830036,-4.505272954702377e-08,-10.92081069946289
1784786927.0427,neutral,0.27,0,0,0,-0.0048733302392065525,-0.0018860665149986744,5.477340891957283e-08,-10.89080810546875
1784786927.0629,neutral,0.27,0,0,0,-0.004585551097989082,-0.0017749359831213951,4.743924364447594e-08,-10.875580787658691
1784786927.0831,neutral,0.27,0,0,0,-0.004185203928500414,-0.0016202633269131184,3.888271749019623e-08,-10.852538108825684
1784786927.1034,neutral,0.27,0,0,0,-0.00393826887011528,-0.001524349208921194,-5.029141902923584e-08,-10.836694717407227
1784786927.1239,neutral,0.27,0,0,0,-0.003486683126538992,-0.0013493462465703487,-3.975583240389824e-08,-10.805037498474121
1784786927.1441,neutral,0.27,0,0,0,-0.0031822160817682743,-0.0012318042572587729,-7.30506144464016e-08,-10.780731201171875
1784786927.1643,neutral,0.27,0,0,0,-0.0029043301474303007,-0.0011243419721722603,-6.047775968909264e-08,-10.75618839263916
1784786927.1857,neutral,0.27,0,0,0,-0.0026508003938943148,-0.0010259081609547138,-4.9709342420101166e-08,-10.731369018554688
1784786927.2059,neutral,0.27,0,0,0,-0.0024918518029153347,-0.0009644506499171257,-4.394678398966789e-08,-10.785880088806152
1784786927.2261,neutral,0.27,0,0,0,-0.0022063516080379486,-0.000854012556374073,-3.3585820347070694e-08,-10.680886268615723
1784786927.2463,neutral,0.27,0,0,0,-0.002013617195188999,-0.000779622932896018,1.2165401130914688e-08,-10.655797958374023
1784786927.2667,neutral,0.27,0,0,0,-0.0018937659915536642,-0.0007330679800361395,1.0972144082188606e-08,-10.64046573638916
1784786927.2869,end_neutral,0.27,0,0,0,-0.0016747391782701015,-0.0006482654716819525,8.003553375601768e-09,-10.640119552612305
1784786927.3071,end_neutral,0.27,0,0,0,-0.0015756322536617517,-0.0006096891593188047,7.479684427380562e-09,-10.634593963623047
1784786927.3274,end_neutral,0.27,0,0,0,-0.0014378962805494666,-0.0005567336920648813,6.28642737865448e-09,-10.626086235046387
1784786927.3476,end_neutral,0.27,0,0,0,-0.0013115947367623448,-0.0005078301765024662,-3.757304511964321e-08,-10.617385864257812
1784786927.3679,end_neutral,0.27,0,0,0,-0.00119719875510782,-0.0004633708158507943,-3.149034455418587e-08,-10.608148574829102
1784786927.3882,end_neutral,0.27,0,0,0,-0.0011260235914960504,-0.00043600157368928194,-2.7706846594810486e-08,-10.601938247680664
1784786927.4084,end_neutral,0.27,0,0,0,-0.000996496994048357,-0.0003853258676826954,-2.1376763470470905e-08,-10.586318969726562
1784786927.4288,end_neutral,0.27,0,0,0,-0.0009094135602936149,-0.00035184097941964865,-1.7636921256780624e-08,-10.579131126403809
1784786927.4490,end_neutral,0.27,0,0,0,25.413963317871094,23.18524932861328,3.5212528705596924,-487.39324951171875
1784786927.4692,end_neutral,0.27,0,0,0,11.638708114624023,10.43494987487793,2.149794816970825,-23.295446395874023
1784786927.4894,end_neutral,0.27,0,0,0,-6.391180992126465,-6.059542655944824,-1.188609004020691,-89.21678924560547
1784786927.5096,end_neutral,0.27,0,0,0,-5.597021102905273,-5.353236198425293,-1.3060486316680908,-25.641983032226562
1784786927.5299,end_neutral,0.27,0,0,0,-0.8690477609634399,-0.8002469539642334,-0.8351123332977295,-22.71902084350586
1784786927.5501,end_neutral,0.27,0,0,0,-0.10748182237148285,-0.06551380455493927,-0.35797229409217834,-10.611894607543945
1784786927.5703,end_neutral,0.27,0,0,0,-1.5782761573791504,0.039694905281066895,0.06810849905014038,-8.239543914794922
1784786927.5905,end_neutral,0.27,0,0,0,-0.09314912557601929,0.5650873184204102,0.16517965495586395,-19.54037094116211
1784786927.6107,end_neutral,0.27,0,0,0,-0.015997808426618576,-0.05407380312681198,0.17503055930137634,-14.44027042388916
1784786927.6310,end_neutral,0.27,0,0,0,-0.012955069541931152,-0.4061832129955292,0.16681991517543793,-10.710726737976074
1784786927.6512,end_neutral,0.27,0,0,0,-0.09774911403656006,-0.37820756435394287,0.1165362223982811,-10.115889549255371
1784786927.6714,end_neutral,0.27,0,0,0,-0.22616064548492432,-0.3447970747947693,0.062178608030080795,-10.327384948730469
1784786927.6918,end_neutral,0.27,0,0,0,-0.2900814414024353,-0.3688376843929291,0.034348264336586,-10.436366081237793
1784786927.7120,end_neutral,0.27,0,0,0,-0.3736962080001831,-0.44771575927734375,-0.05451046675443649,-10.296408653259277
1784786927.7322,end_neutral,0.27,0,0,0,-0.4028567969799042,-0.49920904636383057,-0.07392162084579468,-10.040507316589355
1784786927.7526,end_neutral,0.27,0,0,0,-0.42450398206710815,-0.4985634684562683,-0.07069139182567596,-9.840812683105469
1784786927.7729,end_neutral,0.27,0,0,0,-0.42760157585144043,-0.48015111684799194,-0.050973791629076004,-9.582903861999512
1784786927.7931,end_neutral,0.27,0,0,0,-0.3562088906764984,-0.418532133102417,0.010334081947803497,-9.65206241607666
1784786927.8135,end_neutral,0.27,0,0,0,-0.2828259766101837,-0.3394847810268402,0.03345638886094093,-9.785421371459961
1784786927.8339,end_neutral,0.27,0,0,0,-0.24996550381183624,-0.29653117060661316,0.01810527965426445,-9.892389297485352
1784786927.8544,end_neutral,0.27,0,0,0,-0.24074465036392212,-0.2842791676521301,0.00539907393977046,-9.92304801940918
1784786927.8747,end_neutral,0.27,0,0,0,-0.2228325754404068,-0.2629987597465515,-0.006940979510545731,-9.950607299804688
1784786927.8951,end_neutral,0.27,0,0,0,-0.20250554382801056,-0.23942911624908447,-0.008672292344272137,-9.964277267456055
1784786927.9153,end_neutral,0.27,0,0,0,-0.1839093416929245,-0.21758440136909485,-0.004286348354071379,-9.96958065032959
1784786927.9356,end_neutral,0.27,0,0,0,-0.17291241884231567,-0.20455294847488403,-0.0009425885509699583,-9.970046043395996
1784786927.9559,end_neutral,0.27,0,0,0,-0.15323187410831451,-0.18122601509094238,0.0023926873691380024,-9.966551780700684
1784786927.9761,end_neutral,0.27,0,0,0,-0.13987985253334045,-0.16543839871883392,0.001911112223751843,-9.961759567260742
1784786927.9965,end_neutral,0.27,0,0,0,-0.13160860538482666,-0.1556607186794281,0.0009933123365044594,-9.957999229431152
1784786928.0170,end_neutral,0.27,0,0,0,-0.11650683730840683,-0.13779674470424652,-0.0004483916563913226,-9.949990272521973
1784786928.0373,end_neutral,0.27,0,0,0,-0.10962498188018799,-0.12965478003025055,-0.0006581062916666269,-9.945916175842285
1784786928.0576,end_neutral,0.27,0,0,0,-0.100056491792202,-0.11833667755126953,-0.00047755229752510786,-9.939872741699219
1784786928.0781,end_neutral,0.27,0,0,0,-0.0913187712430954,-0.1080034077167511,-0.00010390719398856163,-9.934026718139648
1784786928.0984,end_neutral,0.27,0,0,0,-0.08084063977003098,-0.09561213850975037,0.0001691203797236085,-9.926664352416992
1784786928.1187,end_neutral,0.27,0,0,0,-0.07606370002031326,-0.08996210992336273,0.0001702721929177642,-9.923151969909668
1784786928.1392,end_neutral,0.27,0,0,0,-0.07156935334205627,-0.08464667946100235,0.00011792744044214487,-9.919784545898438
1784786928.1595,end_neutral,0.27,0,0,0,-0.06336245685815811,-0.07494048029184341,-8.264323696494102e-06,-9.912050247192383
1784786928.1797,end_neutral,0.27,0,0,0,-0.057824987918138504,-0.06839078664779663,-4.7307927161455154e-05,-9.90896224975586
1784786928.2002,end_neutral,0.27,0,0,0,-0.05119575932621956,-0.06055010110139847,-2.8761103749275208e-05,-9.903417587280273
1784786928.2204,end_neutral,0.27,0,0,0,-0.04817093908786774,-0.056972719728946686,-1.019262708723545e-05,-9.900819778442383
1784786928.2406,end_neutral,0.27,0,0,0,-0.04396547004580498,-0.05199874937534332,9.012524969875813e-06,-9.897062301635742
1784786928.2612,end_neutral,0.27,0,0,0,-0.04136766120791435,-0.048926614224910736,1.307210186496377e-05,-9.894742012023926
1784786928.2814,end_neutral,0.27,0,0,0,-0.03662436455488205,-0.043316613882780075,6.792775820940733e-06,-9.890230178833008
